"Ranking","IdProducto","VentasSemestrales","Stock"
"1197","7081","4232,3400","0,00000"
"1374","7086","3434,3200","0,00000"
"1517","7110","2950,7500","0,00000"
"1661","8455","2550,4300","0,00000"
"1849","8487","2162,4900","0,00000"
"845","8519","6793,2600","0,00000"
"818","8521","7084,1900","0,00000"
"1662","9389","2550,4300","0,00000"
"1518","9391","2950,7500","0,00000"
"1605","9729","2693,5000","0,00000"
"35","11160","468500,0000","0,00000"
"1883","12396","2106,2700","0,00000"
"1021","12399","5306,2300","0,00000"
"380","9385","19170,3000","0,00000"
"1796","9024","2298,9800","0,00000"
"1559","9028","2810,2300","0,00000"
"1416","9072","3310,3800","0,00000"
"795","8567","7427,5352","0,00000"
"901","8570","6336,0225","20,93100"
"795","8567","7427,5352","0,00000"
"901","8570","6336,0225","581,86000"
"1852","7580","2160,3159","0,00000"
"526","7530","12834,5672","233,85599"
"1727","7672","2441,4331","0,00000"
"866","8490","6582,9328","0,00000"
"1355","8500","3522,1730","0,00000"
"645","8507","9702,7189","0,00000"
"1804","6015","2260,0100","0,00000"
"1864","6081","2143,6000","0,00000"
"1095","6084","4864,1500","0,00000"
"1976","6086","1893,8900","0,00000"
"603","6091","10652,9300","0,00000"
"1198","6093","4220,2000","0,00000"
"740","6106","8221,2500","0,00000"
"1388","6108","3402,2700","0,00000"
"1646","6114","2582,5800","0,00000"
"824","6120","7030,4500","0,00000"
"647","6122","9688,3100","0,00000"
"811","6125","7180,1400","0,00000"
"1237","6126","4038,9300","0,00000"
"1427","6132","3262,9600","0,00000"
"1206","6133","4166,3000","0,00000"
"1915","6149","2043,8100","0,00000"
"1658","6164","2558,7700","0,00000"
"1101","6181","4827,5300","0,00000"
"1778","6193","2328,2600","0,00000"
"1922","6195","2025,8600","0,00000"
"1395","6199","3375,3400","0,00000"
"1608","6231","2684,4000","0,00000"
"575","7077","11638,2000","0,00000"
"1380","7078","3418,4600","0,00000"
"1096","7080","4851,4200","0,00000"
"1111","7120","4773,8600","0,00000"
"1019","7359","5309,8600","0,00000"
"1534","7361","2881,1800","0,00000"
"1558","7362","2810,6600","0,00000"
"1326","7363","3628,3800","0,00000"
"1078","7364","4958,1400","0,00000"
"1046","7365","5131,4400","0,00000"
"1770","7367","2350,9400","0,00000"
"1310","7370","3702,5300","0,00000"
"1025","7372","5256,1000","0,00000"
"1554","7373","2821,9900","0,00000"
"1601","7374","2700,4500","0,00000"
"885","7375","6434,9300","0,00000"
"1887","7377","2096,3300","0,00000"
"907","7378","6315,2800","0,00000"
"1899","7379","2075,4000","0,00000"
"958","8443","5936,8800","0,00000"
"1001","8479","5517,2500","0,00000"
"951","9211","5960,9400","0,00000"
"94","6053","163200,0000","0,00000"
"148","6066","78400,0000","0,00000"
"743","6067","8200,0000","0,00000"
"111","6110","130600,0000","0,00000"
"170","6112","61200,0000","0,00000"
"221","6113","40600,0000","0,00000"
"132","6130","93800,0000","0,00000"
"215","6131","42000,0000","0,00000"
"144","6143","80000,0000","0,00000"
"180","6144","54000,0000","0,00000"
"136","6146","90000,0000","0,00000"
"81","6151","200000,0000","0,00000"
"113","6227","127000,0000","0,00000"
"351","8520","21600,0000","0,00000"
"1142","9557","4552,7156","1352,54400"
"761","6183","7938,2600","0,00000"
"1247","6217","3971,9500","0,00000"
"1724","6997","2446,4000","0,00000"
"1678","8146","2522,7600","0,00000"
"1574","9021","2754,2800","0,00000"
"1385","9022","3406,6600","0,00000"
"1286","9023","3819,8200","0,00000"
"1387","9064","3403,5700","0,00000"
"1842","9069","2178,0800","0,00000"
"915","9094","6239,2800","0,00000"
"1626","8989","2639,8400","0,00000"
"1234","8991","4045,3800","0,00000"
"1320","8996","3668,1700","0,00000"
"1934","5933","2000,8500","0,00000"
"1948","5935","1967,4400","0,00000"
"1460","6215","3140,4400","0,00000"
"1159","7008","4443,4200","0,00000"
"786","6213","7590,1600","0,00000"
"829","9313","6918,7000","0,00000"
"1417","6219","3304,8700","0,00000"
"1965","9139","1923,8600","0,00000"
"1975","5975","1894,2700","0,00000"
"1715","5976","2465,9800","0,00000"
"1624","5977","2642,9500","0,00000"
"1707","6052","2477,3400","0,00000"
"848","6062","6713,4400","0,00000"
"961","6201","5882,7700","0,00000"
"1424","9040","3281,9900","0,00000"
"1622","9043","2657,9600","0,00000"
"1657","6036","2559,2000","0,00000"
"1329","7049","3616,7700","0,00000"
"1549","6136","2834,3800","0,00000"
"758","6055","7977,6000","0,00000"
"389","6056","18882,6000","0,00000"
"580","6064","11498,7500","0,00000"
"1846","6073","2169,8200","0,00000"
"1720","9025","2457,4000","0,00000"
"1415","9111","3317,9200","0,00000"
"793","9112","7444,9200","0,00000"
"805","9301","7258,8400","0,00000"
"538","6029","12587,0400","0,00000"
"1446","5968","3215,4000","0,00000"
"1599","5971","2701,9600","0,00000"
"1614","5973","2677,9900","0,00000"
"1537","5974","2866,0900","0,00000"
"1636","7122","2618,4200","0,00000"
"1486","7426","3054,7000","0,00000"
"1943","7124","1981,4800","0,00000"
"1239","7422","4027,5200","0,00000"
"1507","7424","2977,6800","0,00000"
"1303","8759","3735,9100","0,00000"
"564","9137","11839,7400","0,00000"
"1487","9324","3054,7000","0,00000"
"1793","7139","2304,9500","0,00000"
"1338","7082","3578,5000","0,00000"
"1664","7100","2547,5500","0,00000"
"1282","7101","3839,0500","0,00000"
"942","7103","6037,8500","0,00000"
"841","7117","6810,4900","0,00000"
"1506","7118","2979,1500","0,00000"
"1071","8156","4986,2500","0,00000"
"1690","8157","2505,8500","0,00000"
"1039","8158","5183,8000","0,00000"
"1714","8328","2466,4800","0,00000"
"1309","8331","3709,5200","0,00000"
"1360","8392","3498,8000","0,00000"
"1985","8393","1863,2500","0,00000"
"898","8457","6350,6000","0,00000"
"745","8480","8175,3000","0,00000"
"1411","9367","3330,5000","0,00000"
"513","9372","13324,1500","0,00000"
"525","9393","12908,9000","0,00000"
"190","9403","50556,2000","0,00000"
"294","9405","26321,0500","0,00000"
"412","9408","17358,0500","0,00000"
"1433","9417","3254,1000","0,00000"
"1342","9381","3566,9900","0,00000"
"1673","9909","2528,1600","0,00000"
"95","10797","161517,6800","0,00000"
"550","12391","12157,4400","0,00000"
"1218","12393","4138,5900","0,00000"
"1615","12402","2675,8800","0,00000"
"1341","12415","3570,4100","0,00000"
"1034","9627","5203,9600","0,00000"
"1673","9909","2528,1600","0,00000"
"1730","9744","2427,1700","711,89000"
"787","9768","7518,0400","1496,91000"
"41","9779","403950,0000","0,00000"
"47","9780","326000,0000","120800,00000"
"19","9781","815600,0000","119600,00000"
"177","9782","57000,0000","0,00000"
"60","9783","291200,0000","12000,00000"
"50","9784","316800,0000","0,00000"
"782","9892","7673,1200","7214,75000"
"1412","9894","3329,5700","700,12000"
"67","9910","266000,0000","22700,00000"
"1365","9924","3483,4400","0,00000"
"1775","1277","2333,6000","237,40000"
"875","1861","6503,3600","630,99000"
"1573","1879","2757,7600","1434,12000"
"707","1935","8692,2600","2392,34000"
"861","1986","6606,7000","0,00000"
"408","2413","17699,0600","8201,29000"
"1550","2414","2827,3400","0,00000"
"1204","2434","4171,0400","0,00000"
"1339","2446","3574,6100","1872,73000"
"1087","2450","4901,9800","0,00000"
"510","2452","13417,3500","2880,63000"
"1033","2455","5213,1800","1587,96000"
"1409","2504","3331,7000","2736,03000"
"227","2506","39241,6700","3370,70000"
"653","2514","9619,6900","529,37000"
"1860","2536","2152,4100","49,00000"
"350","2552","21791,9000","4801,25000"
"1094","2561","4866,8000","1131,85000"
"1179","2629","4339,7000","2393,21000"
"1210","2667","4156,6600","890,64000"
"428","2701","16485,9400","1551,72000"
"500","3573","13575,0000","203,00000"
"434","3575","16245,3000","1163,50000"
"1541","3903","2854,2000","633,80000"
"1593","3929","2715,8100","0,00000"
"1750","4299","2393,0200","0,00000"
"1373","4355","3438,4000","230,00000"
"1629","4430","2637,3800","1769,36000"
"646","4608","9689,3600","1012,00000"
"1743","4615","2404,5400","0,00000"
"616","4712","10373,2500","1282,45000"
"799","4792","7376,0000","350,81000"
"1590","4797","2719,0700","240,00000"
"1704","5195","2485,5000","0,00000"
"1513","8786","2961,9400","0,00000"
"1372","8793","3439,7800","0,00000"
"1082","8800","4940,3200","775,40000"
"1818","8807","2222,6600","0,00000"
"1386","8808","3404,4800","0,00000"
"1621","8809","2658,1600","1586,72000"
"1737","8932","2409,7200","406,50000"
"808","8975","7207,4600","3989,27000"
"393","9545","18665,5300","1259,10000"
"278","9547","28061,5900","2225,64000"
"1950","9566","1955,5000","2834,14000"
"473","9575","14236,3000","1269,72000"
"893","9578","6386,0000","0,00000"
"1402","9592","3362,2400","825,00000"
"1260","9605","3929,7100","0,00000"
"964","9611","5852,0900","120,00000"
"1358","9617","3506,4800","1476,82000"
"1477","9682","3083,0000","4579,20000"
"1383","9684","3414,0000","1782,00000"
"1981","9688","1870,5200","145,00000"
"702","9695","8802,9400","294,26000"
"850","9696","6710,0000","0,00000"
"1854","9767","2157,9000","0,00000"
"735","1764","8266,8300","0,00000"
"819","1765","7073,3900","0,00000"
"358","1770","20692,6000","0,00000"
"263","1773","32299,0000","0,00000"
"1246","1789","3973,9900","0,00000"
"723","1790","8456,7500","0,00000"
"335","1799","22732,9000","0,00000"
"873","1810","6533,8200","0,00000"
"1214","1813","4146,3000","0,00000"
"611","1815","10474,5500","0,00000"
"989","1830","5638,6600","0,00000"
"1024","1850","5259,2800","0,00000"
"831","1852","6881,2900","0,00000"
"875","1861","6503,3600","0,00000"
"314","1862","24631,4800","0,00000"
"755","1865","8004,1500","0,00000"
"999","1866","5533,9600","0,00000"
"1465","1871","3117,0100","0,00000"
"872","1872","6535,8500","0,00000"
"1573","1879","2757,7600","0,00000"
"906","1887","6316,0200","0,00000"
"283","1903","27671,9100","0,00000"
"160","1909","68970,1100","0,00000"
"269","1919","30657,9300","0,00000"
"173","1923","59106,4000","0,00000"
"309","1932","25047,5000","0,00000"
"707","1935","8692,2600","0,00000"
"1960","1941","1930,1700","0,00000"
"304","1977","25275,2000","0,00000"
"270","1978","30405,2400","0,00000"
"1367","1981","3475,3400","0,00000"
"1251","1984","3953,2000","0,00000"
"861","1986","6606,7000","0,00000"
"643","1991","9737,5300","0,00000"
"672","1992","9321,9700","0,00000"
"234","1996","37307,5000","0,00000"
"789","1998","7505,9900","0,00000"
"1212","2003","4150,4800","0,00000"
"419","2007","16868,4900","0,00000"
"1200","2023","4203,1600","0,00000"
"528","2120","12818,8800","0,00000"
"1523","2127","2934,8400","0,00000"
"1453","2160","3178,0200","0,00000"
"1133","2328","4624,0200","0,00000"
"439","2342","15997,8000","0,00000"
"573","2347","11663,7700","0,00000"
"1452","2352","3181,4500","0,00000"
"171","2372","61035,8300","0,00000"
"418","2374","16941,7500","0,00000"
"798","2381","7382,2800","0,00000"
"329","2393","23430,8000","0,00000"
"547","2399","12200,7200","0,00000"
"496","2400","13675,1900","0,00000"
"534","2401","12640,1500","0,00000"
"923","2404","6200,9000","0,00000"
"784","2406","7651,6200","0,00000"
"172","2407","59381,9500","0,00000"
"1634","2408","2626,7200","0,00000"
"1431","2409","3255,6000","0,00000"
"656","2410","9523,9200","0,00000"
"498","2411","13610,8000","0,00000"
"379","2412","19188,9900","0,00000"
"408","2413","17699,0600","0,00000"
"1550","2414","2827,3400","0,00000"
"208","2417","43914,4400","0,00000"
"998","2419","5566,7300","0,00000"
"1045","2420","5133,2700","0,00000"
"1616","2427","2673,0000","0,00000"
"332","2433","23049,0600","0,00000"
"1204","2434","4171,0400","0,00000"
"1084","2436","4933,9800","0,00000"
"186","2437","51939,0700","0,00000"
"882","2442","6463,2500","0,00000"
"560","2443","11988,7000","0,00000"
"1093","2444","4870,3000","0,00000"
"1339","2446","3574,6100","0,00000"
"228","2447","38568,3200","0,00000"
"416","2448","16998,7200","0,00000"
"1087","2450","4901,9800","0,00000"
"312","2451","24847,5700","0,00000"
"510","2452","13417,3500","0,00000"
"527","2454","12829,5300","0,00000"
"1033","2455","5213,1800","0,00000"
"679","2493","9187,3400","0,00000"
"1409","2504","3331,7000","0,00000"
"778","2505","7727,2600","0,00000"
"227","2506","39241,6700","0,00000"
"1307","2508","3718,0600","0,00000"
"653","2514","9619,6900","0,00000"
"1153","2515","4497,5800","0,00000"
"1860","2536","2152,4100","0,00000"
"472","2543","14243,8900","0,00000"
"733","2546","8292,7700","0,00000"
"350","2552","21791,9000","0,00000"
"1765","2560","2361,3800","0,00000"
"1094","2561","4866,8000","0,00000"
"1766","2573","2357,7000","0,00000"
"483","2588","14104,9600","0,00000"
"554","2612","12098,1500","0,00000"
"790","2616","7476,1700","0,00000"
"932","2617","6145,6700","0,00000"
"685","2628","9077,1000","0,00000"
"1179","2629","4339,7000","0,00000"
"400","2631","18110,9200","0,00000"
"1139","2632","4570,2600","0,00000"
"697","2637","8863,6500","0,00000"
"386","2641","18987,9200","0,00000"
"421","2644","16843,8300","0,00000"
"820","2645","7068,6900","0,00000"
"750","2648","8117,1100","0,00000"
"858","2649","6629,3000","0,00000"
"1489","2653","3046,0000","0,00000"
"1030","2659","5217,2900","0,00000"
"640","2662","9806,4300","0,00000"
"1754","2665","2380,8200","0,00000"
"1210","2667","4156,6600","0,00000"
"248","2675","34819,4300","0,00000"
"775","2679","7754,9400","0,00000"
"364","2699","20518,4200","0,00000"
"428","2701","16485,9400","0,00000"
"591","2704","11180,9200","0,00000"
"757","2717","7987,0300","0,00000"
"1871","2755","2131,0000","0,00000"
"1158","2762","4446,7000","0,00000"
"546","2764","12202,2400","0,00000"
"1357","3026","3513,9000","0,00000"
"721","3076","8477,8900","0,00000"
"85","3157","184466,0000","0,00000"
"1318","3219","3676,7200","0,00000"
"502","3285","13536,6600","0,00000"
"905","3438","6320,7300","0,00000"
"1979","3476","1874,6800","0,00000"
"355","3572","20930,2200","0,00000"
"500","3573","13575,0000","0,00000"
"1451","3574","3181,9000","0,00000"
"434","3575","16245,3000","0,00000"
"785","3576","7599,5800","0,00000"
"982","3605","5698,5800","0,00000"
"1572","3618","2757,9200","0,00000"
"737","3620","8256,4200","0,00000"
"940","3767","6073,1100","0,00000"
"1593","3929","2715,8100","0,00000"
"1011","4150","5369,1000","0,00000"
"1913","4176","2046,7000","0,00000"
"860","4268","6611,6400","0,00000"
"250","4271","34714,3800","0,00000"
"334","4276","22751,8000","0,00000"
"856","4293","6675,6700","0,00000"
"897","4320","6363,8000","0,00000"
"1132","4328","4630,7000","0,00000"
"1373","4355","3438,4000","0,00000"
"511","4359","13370,8200","0,00000"
"1924","4360","2022,5200","0,00000"
"822","4393","7034,4700","0,00000"
"1802","4394","2272,1600","0,00000"
"1003","4409","5501,0300","0,00000"
"273","4421","29287,7500","0,00000"
"1224","4429","4086,4800","0,00000"
"1629","4430","2637,3800","0,00000"
"696","4432","8908,9000","0,00000"
"159","4434","69210,8500","0,00000"
"204","4438","44387,9800","0,00000"
"760","4474","7962,6400","0,00000"
"1471","4475","3089,6400","0,00000"
"610","4476","10515,0200","0,00000"
"957","4506","5947,7000","0,00000"
"1047","4507","5105,3200","0,00000"
"1585","4537","2727,0400","0,00000"
"1182","4545","4328,4200","0,00000"
"716","4603","8545,3600","0,00000"
"646","4608","9689,3600","0,00000"
"1743","4615","2404,5400","0,00000"
"247","4616","34841,0800","0,00000"
"1152","4650","4502,0200","0,00000"
"337","4692","22548,2800","0,00000"
"639","4693","9837,4800","0,00000"
"616","4712","10373,2500","0,00000"
"481","4716","14122,4500","0,00000"
"318","4723","24115,2400","0,00000"
"551","4729","12150,8000","0,00000"
"1956","4791","1940,7600","0,00000"
"799","4792","7376,0000","0,00000"
"1590","4797","2719,0700","0,00000"
"1740","4803","2408,0600","0,00000"
"1122","4804","4705,7600","0,00000"
"515","4811","13316,4600","0,00000"
"1833","4837","2203,5500","0,00000"
"169","4847","61371,9000","0,00000"
"1363","4858","3489,0600","0,00000"
"1698","4860","2495,3500","0,00000"
"1435","4863","3247,3500","0,00000"
"969","4872","5813,0600","0,00000"
"1969","4895","1906,8200","0,00000"
"667","4905","9404,9800","0,00000"
"1835","4959","2201,0700","0,00000"
"1986","4962","1863,0800","0,00000"
"823","4963","7032,4300","0,00000"
"503","4969","13525,7900","0,00000"
"783","4970","7671,1200","0,00000"
"1825","4971","2214,5500","0,00000"
"1012","4984","5360,5000","0,00000"
"1491","4985","3038,7000","0,00000"
"343","4986","22311,2500","0,00000"
"246","5011","34877,2600","0,00000"
"157","5012","70466,0500","0,00000"
"45","5013","341866,1100","0,00000"
"1265","5014","3908,7700","0,00000"
"254","5015","33772,8900","0,00000"
"262","5016","32375,3000","0,00000"
"168","5017","62087,7600","0,00000"
"55","5018","304852,1600","0,00000"
"1635","5019","2626,6500","0,00000"
"1449","5022","3199,4600","0,00000"
"908","5024","6300,3000","0,00000"
"192","5026","50409,0400","0,00000"
"178","5027","55425,1100","0,00000"
"220","5029","40708,7900","0,00000"
"212","5031","43022,9500","0,00000"
"486","5034","14081,8800","0,00000"
"671","5035","9325,6200","0,00000"
"608","5053","10518,3000","0,00000"
"359","5054","20655,4400","0,00000"
"198","5061","46831,9000","0,00000"
"241","5067","35866,3800","0,00000"
"1509","5096","2969,4900","0,00000"
"633","5129","9902,9600","0,00000"
"293","5138","26385,2500","0,00000"
"1693","5143","2502,7000","0,00000"
"1257","5174","3934,0200","0,00000"
"968","5175","5817,8000","0,00000"
"870","5191","6561,6400","0,00000"
"851","5194","6699,9800","0,00000"
"1704","5195","2485,5000","0,00000"
"1570","5196","2759,1800","0,00000"
"1972","5198","1899,7700","0,00000"
"943","5209","6034,2000","0,00000"
"1587","5218","2719,7800","0,00000"
"370","5240","20112,1600","0,00000"
"452","5261","15045,5400","0,00000"
"553","5275","12101,5600","0,00000"
"779","5288","7706,7500","0,00000"
"1902","5295","2071,6800","0,00000"
"1147","5296","4520,5800","0,00000"
"675","5312","9315,7800","0,00000"
"236","5348","37204,3600","0,00000"
"1738","5353","2409,2800","0,00000"
"1191","5424","4270,8000","0,00000"
"1258","5425","3933,9000","0,00000"
"1953","5427","1949,0400","0,00000"
"571","5495","11706,9500","0,00000"
"1589","5496","2719,6500","0,00000"
"1670","5505","2533,1000","0,00000"
"230","5506","38243,0400","0,00000"
"395","5509","18424,7200","0,00000"
"692","5511","8972,8800","0,00000"
"1931","5517","2008,9000","0,00000"
"330","5569","23336,3400","0,00000"
"520","5570","13072,4000","0,00000"
"1998","5571","1824,4400","0,00000"
"544","5572","12204,4600","0,00000"
"1306","5573","3724,5200","0,00000"
"614","5574","10400,0000","0,00000"
"371","5576","19970,4600","0,00000"
"619","5578","10289,6800","0,00000"
"353","5580","21484,5200","0,00000"
"1577","5581","2744,5200","0,00000"
"406","5583","17796,3100","0,00000"
"462","5584","14731,0700","0,00000"
"668","5585","9383,4100","0,00000"
"1178","5604","4345,3300","0,00000"
"847","5607","6731,4500","0,00000"
"1114","5618","4761,8200","0,00000"
"1886","5620","2097,5400","0,00000"
"711","5633","8612,3200","0,00000"
"1017","5636","5320,3000","0,00000"
"1718","5637","2460,9300","0,00000"
"1293","5639","3768,2400","0,00000"
"1556","5642","2819,7400","0,00000"
"1669","5643","2535,8700","0,00000"
"1298","5645","3750,1300","0,00000"
"944","5646","6024,5700","0,00000"
"1991","5723","1839,9800","0,00000"
"1315","5763","3682,1600","0,00000"
"1709","5777","2476,1500","0,00000"
"867","5778","6576,5800","0,00000"
"1275","5798","3854,8700","0,00000"
"881","5799","6472,0800","0,00000"
"976","5800","5763,6600","0,00000"
"225","5801","39858,8200","0,00000"
"1075","5804","4978,9600","0,00000"
"1347","5805","3550,5800","0,00000"
"280","5809","27822,3400","0,00000"
"597","5810","11073,7600","0,00000"
"658","5811","9501,2800","0,00000"
"752","5814","8035,7000","0,00000"
"167","5816","62249,2300","0,00000"
"224","5818","39886,0500","0,00000"
"663","5820","9451,2700","0,00000"
"1167","5821","4415,7500","0,00000"
"953","5823","5956,0900","0,00000"
"1233","5824","4047,2800","0,00000"
"756","5825","7999,5000","0,00000"
"622","5826","10257,0500","0,00000"
"352","5827","21536,7200","0,00000"
"1921","5828","2026,9100","0,00000"
"213","5830","42793,5400","0,00000"
"1676","5831","2525,8000","0,00000"
"530","5832","12779,4400","0,00000"
"809","5840","7184,3100","0,00000"
"1312","5854","3688,5300","0,00000"
"1063","5863","5017,3500","0,00000"
"326","5890","23676,9500","0,00000"
"1501","5900","3001,5500","0,00000"
"1779","5901","2326,3800","0,00000"
"1906","5903","2061,6200","0,00000"
"1584","5907","2730,1900","0,00000"
"1544","5916","2844,6200","0,00000"
"474","1781","14233,0000","0,00000"
"1406","1785","3343,0000","0,00000"
"200","1786","46063,0000","0,00000"
"431","1787","16288,0000","0,00000"
"1799","1791","2286,0000","0,00000"
"548","1798","12195,0000","0,00000"
"1028","1800","5233,0000","0,00000"
"1478","1801","3082,0000","0,00000"
"774","1804","7791,0000","0,00000"
"1532","1807","2887,0000","0,00000"
"1236","1808","4044,0000","0,00000"
"587","1811","11253,0000","0,00000"
"1966","1821","1918,0000","0,00000"
"1105","1827","4813,0000","0,00000"
"594","1828","11103,0000","0,00000"
"1382","1835","3415,0000","0,00000"
"828","1839","6949,0000","0,00000"
"628","1840","10061,0000","0,00000"
"1705","1842","2484,0000","0,00000"
"1894","1843","2085,0000","0,00000"
"914","1846","6247,0000","0,00000"
"1249","1847","3959,0000","0,00000"
"1855","1848","2157,0000","0,00000"
"436","1855","16135,0000","0,00000"
"1116","1856","4747,0000","0,00000"
"1086","1859","4920,0000","0,00000"
"1241","1868","4019,0000","0,00000"
"1841","1873","2180,0000","0,00000"
"357","1884","20743,0000","0,00000"
"607","1894","10567,0000","0,00000"
"624","1907","10234,0000","0,00000"
"1344","1930","3558,0000","0,00000"
"1959","1940","1931,0000","0,00000"
"1220","1968","4135,0000","0,00000"
"1925","2014","2020,0000","0,00000"
"993","2015","5612,0000","0,00000"
"1808","2017","2251,0000","0,00000"
"1666","2018","2542,0000","0,00000"
"631","2019","9969,0000","0,00000"
"1457","2031","3150,0000","0,00000"
"1495","2039","3030,0000","0,00000"
"1175","2074","4360,0000","0,00000"
"1245","2078","3977,0000","0,00000"
"539","2081","12497,0000","0,00000"
"936","2085","6107,0000","0,00000"
"1542","2091","2850,0000","0,00000"
"458","2094","14833,5000","0,00000"
"1503","2095","2997,0000","0,00000"
"1231","2147","4050,0000","0,00000"
"1816","3100","2230,0000","0,00000"
"1497","3211","3028,0000","0,00000"
"1058","3487","5040,0000","0,00000"
"1692","5073","2503,0000","0,00000"
"1336","5327","3587,0000","0,00000"
"1919","5344","2028,0000","0,00000"
"955","5531","5952,0000","0,00000"
"627","478","10163,5600","0,00000"
"1117","483","4744,8700","0,00000"
"216","522","41826,1400","0,00000"
"1688","560","2506,8400","0,00000"
"1157","561","4453,2700","0,00000"
"1648","565","2572,9500","0,00000"
"1512","587","2962,3500","0,00000"
"937","608","6101,6700","0,00000"
"120","634","118883,6900","0,00000"
"1529","679","2901,7000","0,00000"
"713","709","8594,9700","0,00000"
"567","721","11747,0000","0,00000"
"686","726","9030,5400","0,00000"
"292","754","26456,8200","0,00000"
"82","755","198295,6500","0,00000"
"1764","766","2363,1500","0,00000"
"1789","772","2311,0500","0,00000"
"1553","931","2824,9900","0,00000"
"1294","949","3765,3000","0,00000"
"1525","950","2919,8200","0,00000"
"618","952","10307,2700","0,00000"
"442","954","15697,5100","0,00000"
"397","1024","18284,2600","0,00000"
"158","1127","69247,7600","0,00000"
"1225","1194","4084,4700","0,00000"
"807","3173","7226,7000","0,00000"
"1135","3254","4598,3600","0,00000"
"1366","3255","3475,8400","0,00000"
"654","3296","9585,9500","0,00000"
"349","3297","21817,0000","0,00000"
"521","3298","13037,9200","0,00000"
"576","3299","11636,6300","0,00000"
"1317","3304","3679,8300","0,00000"
"762","3305","7935,5900","0,00000"
"920","3308","6219,3100","0,00000"
"620","3309","10289,0100","0,00000"
"1843","4518","2176,7000","0,00000"
"1971","4519","1902,3000","0,00000"
"641","4577","9794,4400","0,00000"
"367","4854","20374,8200","0,00000"
"361","4993","20597,8400","0,00000"
"524","4994","12985,0000","0,00000"
"432","4995","16276,6600","0,00000"
"308","4996","25149,5500","0,00000"
"1169","5525","4394,7200","0,00000"
"1611","9552","2681,9400","440,74000"
"673","9622","9318,1200","0,00000"
"1555","9649","2821,4900","0,00000"
"1551","9915","2826,7800","452,00000"
"1595","9919","2709,4500","1052,10000"
"1151","9793","4507,1000","0,00000"
"1405","9697","3343,7400","880,41000"
"1008","9698","5412,8000","957,46000"
"1794","9720","2303,9600","0,00000"
"1504","9721","2989,0500","0,00000"
"1768","9722","2354,4700","0,00000"
"1440","9723","3232,6500","0,00000"
"1434","9724","3250,8400","678,36000"
"1274","9725","3866,0400","0,00000"
"883","9726","6447,8700","515,66000"
"1882","9913","2107,6800","0,00000"
"1592","9692","2717,6000","302,80000"
"1594","9888","2710,0000","0,00000"
"1321","9889","3660,0500","0,00000"
"1643","11001","2587,7700","0,00000"
"1896","11005","2081,5900","0,00000"
"977","11037","5755,2000","0,00000"
"911","11059","6282,2100","0,00000"
"1944","11083","1980,5200","0,00000"
"1656","11084","2560,8100","566,40000"
"443","11086","15563,6800","0,00000"
"859","11090","6618,7900","0,00000"
"1027","11092","5241,6800","0,00000"
"1279","11095","3849,4000","0,00000"
"189","11098","51481,4200","0,00000"
"493","11099","13814,7600","403,75000"
"382","11100","19048,2300","0,00000"
"112","11102","130200,0000","0,00000"
"840","11104","6838,2100","0,00000"
"1180","11117","4338,9300","0,00000"
"1642","11133","2588,6400","0,00000"
"766","11138","7881,9500","0,00000"
"1343","11148","3565,4900","0,00000"
"1932","11157","2008,2900","0,00000"
"1946","11162","1977,0600","0,00000"
"1962","11163","1925,6900","2448,91000"
"1884","11164","2099,0600","0,00000"
"79","11170","207500,0000","108000,00000"
"1490","11171","3043,4400","0,00000"
"1479","11177","3073,3200","0,00000"
"56","11179","303510,0000","0,00000"
"584","11180","11438,7900","0,00000"
"800","11188","7334,9700","1102,56000"
"895","11189","6379,0000","0,00000"
"465","11190","14626,5600","169,07000"
"402","11191","18000,8600","0,00000"
"139","11192","87672,0000","154359,00000"
"1029","11197","5220,1400","0,00000"
"31","11199","532935,0000","0,00000"
"89","11200","170490,0000","0,00000"
"934","11202","6120,7100","0,00000"
"72","11203","225721,0000","0,00000"
"1647","11208","2581,7300","0,00000"
"930","11212","6152,3400","0,00000"
"1811","11213","2248,8500","0,00000"
"1567","11217","2776,3900","471,14000"
"495","11226","13713,4500","9600,46000"
"257","11229","32845,6000","4855,81000"
"396","11231","18403,4000","1316,68000"
"1826","11233","2212,6500","0,00000"
"1885","11234","2098,6000","0,00000"
"963","11235","5854,0400","2010,40000"
"1299","11237","3750,0200","1041,50000"
"703","11251","8729,9800","0,00000"
"259","11263","32702,2000","1275,99000"
"281","11264","27763,7300","1757,12000"
"1168","11265","4395,0700","0,00000"
"1702","11269","2487,7500","453,39000"
"461","11271","14747,5500","0,00000"
"1069","11272","4993,3000","0,00000"
"1970","11274","1905,2200","0,00000"
"1322","11275","3652,7200","0,00000"
"207","11276","43925,0600","9576,50000"
"388","11277","18899,3000","0,00000"
"1868","11307","2134,8600","0,00000"
"1812","11314","2244,6900","0,00000"
"1830","11327","2206,7500","0,00000"
"1291","11328","3772,2400","0,00000"
"1335","11329","3589,6400","0,00000"
"74","11330","218152,0000","0,00000"
"691","11333","9003,9100","0,00000"
"1230","11335","4052,5300","2131,26000"
"378","11336","19200,0000","0,00000"
"1426","11352","3269,5700","401,64000"
"1787","11356","2314,1200","0,00000"
"1731","11357","2426,6000","1117,26000"
"1992","11359","1830,9600","0,00000"
"1651","11360","2569,3600","44,65000"
"1290","11371","3774,1500","0,00000"
"1140","11389","4566,8400","983,75000"
"4","11390","7949633,0000","0,00000"
"134","11409","93224,0000","0,00000"
"121","11428","118851,5400","587,75000"
"1213","11432","4149,0600","0,00000"
"1305","11435","3725,7100","0,00000"
"1708","11437","2476,6500","0,00000"
"1325","11451","3636,3700","364,60000"
"146","11452","78900,0000","0,00000"
"736","11461","8259,1500","0,00000"
"1561","11463","2794,0600","516,65000"
"1604","11467","2695,3500","0,00000"
"398","11472","18209,3000","0,00000"
"1753","11473","2382,4400","0,00000"
"399","11478","18178,6500","0,00000"
"1853","11481","2158,8000","0,00000"
"1130","11485","4637,5100","0,00000"
"147","11492","78500,0000","0,00000"
"1677","11500","2523,3600","0,00000"
"599","11511","10959,1000","0,00000"
"1733","11512","2423,0600","1172,42000"
"1716","11513","2462,5000","0,00000"
"438","11518","16000,0000","0,00000"
"391","11519","18800,0000","0,00000"
"574","11520","11650,0000","0,00000"
"717","11521","8540,0000","0,00000"
"279","11522","28000,0000","0,00000"
"1253","11527","3948,4600","0,00000"
"1165","11528","4417,9400","0,00000"
"1782","11533","2321,4600","0,00000"
"699","11536","8842,0300","1612,20000"
"720","11537","8508,9600","0,00000"
"448","11539","15250,0000","0,00000"
"1889","11540","2093,5200","0,00000"
"57","11546","299700,0000","0,00000"
"1803","11549","2264,2400","466,08000"
"919","11550","6230,2600","1214,16000"
"1352","11555","3536,7900","0,00000"
"1633","11559","2627,1200","0,00000"
"1346","11560","3552,8600","0,00000"
"1726","11578","2444,4400","0,00000"
"1686","11579","2508,9200","0,00000"
"1691","11580","2503,5500","0,00000"
"251","11585","34688,6800","1895,85000"
"222","11586","40315,5000","1000,74000"
"1450","11588","3192,0900","0,00000"
"1510","11589","2966,5900","0,00000"
"1910","11590","2052,1800","0,00000"
"1189","11606","4282,4400","0,00000"
"1772","11607","2347,8800","0,00000"
"1685","11624","2510,1000","0,00000"
"179","11626","55217,3100","1052,10000"
"516","11627","13300,7500","0,00000"
"1890","11642","2092,8800","0,00000"
"1695","11686","2499,4800","42,98000"
"128","11699","102397,0000","0,00000"
"1792","11711","2305,5300","575,68000"
"1378","11712","3422,0300","0,00000"
"1259","11718","3930,5200","0,00000"
"1930","11721","2009,6200","0,00000"
"33","11725","502400,0000","466400,00000"
"129","11733","102376,0000","99510,00000"
"1480","11735","3071,8500","0,00000"
"29","11782","565840,0000","0,00000"
"1769","11787","2351,5700","0,00000"
"1640","11791","2599,8900","0,00000"
"101","11798","154080,0000","0,00000"
"457","11809","14904,5900","0,00000"
"43","11813","369564,0000","0,00000"
"51","11821","310853,0000","422004,00000"
"69","11823","262980,0000","0,00000"
"1438","11828","3240,9100","547,47000"
"40","11833","404600,0000","0,00000"
"1384","11834","3407,2400","0,00000"
"110","11845","132852,0000","0,00000"
"107","11846","141630,0000","0,00000"
"1442","11855","3225,1700","0,00000"
"1571","11860","2758,1500","0,00000"
"1091","11861","4874,7200","0,00000"
"1620","11863","2658,2900","0,00000"
"1447","11864","3210,3900","0,00000"
"1124","11873","4698,7400","0,00000"
"1798","11874","2289,2500","0,00000"
"1823","11876","2218,1200","0,00000"
"1828","11880","2207,4200","514,54000"
"1485","11888","3059,8400","0,00000"
"1683","11891","2512,9500","0,00000"
"125","11893","108000,0000","0,00000"
"1425","11898","3280,7800","0,00000"
"1288","11905","3784,9400","0,00000"
"161","11910","66866,0000","0,00000"
"137","11911","88966,0000","0,00000"
"1476","11914","3083,9400","0,00000"
"714","11915","8591,1400","1281,30000"
"1897","11924","2081,2700","0,00000"
"1221","11932","4134,2700","0,00000"
"100","11934","156208,0000","0,00000"
"98","11937","158094,0000","0,00000"
"1751","11948","2388,6700","0,00000"
"1097","11949","4850,8400","0,00000"
"1711","11951","2474,3500","0,00000"
"62","11961","289251,0000","0,00000"
"2000","11974","1819,7300","1271,77000"
"1488","11981","3050,3000","0,00000"
"1588","11991","2719,7700","0,00000"
"1805","11993","2257,7600","985,00000"
"634","12012","9900,0000","0,00000"
"1760","12031","2371,3200","0,00000"
"36","12066","446000,0000","0,00000"
"690","12072","9003,9600","0,00000"
"39","12076","416772,0000","98320,00000"
"166","12077","64093,0000","0,00000"
"97","12078","158830,0000","0,00000"
"1687","12084","2507,6800","0,00000"
"155","12087","71178,5800","0,00000"
"48","12091","322412,0000","0,00000"
"118","12093","119475,0000","0,00000"
"46","12094","338148,0000","0,00000"
"156","12095","70880,0000","0,00000"
"165","12096","64340,0000","0,00000"
"91","12098","170026,0000","0,00000"
"149","12100","77282,0000","0,00000"
"578","12110","11553,9600","7368,05000"
"1939","12112","1990,2500","0,00000"
"1579","12113","2744,3100","0,00000"
"105","12117","144928,0000","0,00000"
"16","12118","951052,0000","0,00000"
"1917","12119","2033,0000","234,21000"
"9","12122","3563705,0000","0,00000"
"3","12125","13297711,0000","2009373,00000"
"6","12126","6189733,0000","0,00000"
"864","12128","6585,6900","3247,40000"
"946","12141","6002,2300","0,00000"
"1700","12143","2493,2200","0,00000"
"1327","12146","3624,1800","0,00000"
"967","12147","5839,7800","875,28000"
"151","12148","73907,0000","0,00000"
"522","12149","13015,2900","0,00000"
"1146","12150","4528,8100","0,00000"
"1741","12158","2406,1000","0,00000"
"420","12160","16852,2500","0,00000"
"1508","12161","2977,5800","0,00000"
"1909","12171","2052,5500","0,00000"
"1454","12172","3175,3500","0,00000"
"1403","12179","3359,0300","0,00000"
"1164","12186","4418,0300","0,00000"
"1107","12201","4794,0900","0,00000"
"1850","12209","2162,2400","0,00000"
"1952","12214","1952,5900","0,00000"
"1845","12215","2170,9600","0,00000"
"1254","12217","3941,7100","0,00000"
"1675","12218","2526,6500","0,00000"
"1857","12223","2155,4500","0,00000"
"1598","12224","2703,0500","1066,32000"
"1277","12233","3854,5400","0,00000"
"1873","12235","2128,5600","0,00000"
"1723","12236","2450,2600","0,00000"
"459","12247","14832,1500","0,00000"
"1276","12256","3854,6300","1157,34000"
"1625","12257","2642,2800","0,00000"
"1877","12258","2112,4900","1678,35000"
"1735","12260","2411,3600","553,23000"
"1892","12263","2089,0300","0,00000"
"1993","12264","1830,3800","0,00000"
"974","12267","5777,1800","0,00000"
"1076","12269","4965,5100","0,00000"
"477","12276","14180,7600","0,00000"
"1080","12279","4955,3200","0,00000"
"1851","12281","2161,7900","0,00000"
"175","12285","57540,0000","9590,00000"
"348","12286","21824,4600","0,00000"
"669","12296","9357,6900","0,00000"
"1732","12307","2424,3700","0,00000"
"894","12314","6383,9200","0,00000"
"1836","12315","2198,2900","0,00000"
"542","12328","12269,0000","0,00000"
"425","12341","16595,0200","0,00000"
"1920","12343","2027,3500","0,00000"
"1880","12349","2110,1400","0,00000"
"1848","12350","2168,3700","0,00000"
"201","12351","45764,0000","0,00000"
"1530","12352","2896,7800","0,00000"
"1172","12356","4382,4400","0,00000"
"1838","12358","2188,6500","0,00000"
"1847","12360","2169,2100","0,00000"
"1638","12365","2605,2100","0,00000"
"1391","12381","3396,0800","0,00000"
"297","12384","25686,7600","0,00000"
"1552","12386","2825,6100","0,00000"
"810","12387","7182,6000","0,00000"
"1809","12389","2250,8300","0,00000"
"1285","12390","3828,9400","0,00000"
"549","12397","12180,7500","0,00000"
"1340","12398","3572,6600","0,00000"
"1166","12400","4415,8500","0,00000"
"1935","12401","1998,7200","0,00000"
"1893","12405","2087,5000","0,00000"
"1548","12407","2834,9900","0,00000"
"1912","12408","2047,5000","0,00000"
"1781","12411","2321,6800","0,00000"
"1533","12412","2886,6600","1357,50000"
"58","12433","292974,0000","0,00000"
"677","12435","9242,5400","0,00000"
"1049","12442","5096,1600","0,00000"
"558","12463","12039,0200","0,00000"
"86","12467","184062,0000","0,00000"
"88","12468","173460,0000","0,00000"
"42","12469","388795,0000","0,00000"
"1997","12473","1824,5300","0,00000"
"1092","12476","4873,6500","0,00000"
"1484","12477","3059,9500","0,00000"
"1861","12517","2150,9000","0,00000"
"1539","12518","2860,2400","0,00000"
"1056","12525","5041,9000","0,00000"
"1044","12536","5136,2400","0,00000"
"1128","12537","4659,6200","0,00000"
"1762","12538","2368,2500","0,00000"
"1375","12563","3431,3600","0,00000"
"373","12574","19800,0000","0,00000"
"1627","12581","2639,3500","931,38000"
"525","9393","12908,9000","0,00000"
"1605","9729","2693,5000","0,00000"
"44","12628","357000,0000","0,00000"
"22","12629","634580,0000","0,00000"
"7","12630","5001360,0000","1631100,00000"
"18","12631","877510,0000","317146,00000"
"11","12632","2761260,0000","571650,00000"
"1528","12633","2902,6900","0,00000"
"5","12637","6840940,0000","0,00000"
"12","12638","1889500,0000","0,00000"
"285","12645","27120,0000","0,00000"
"68","12646","263000,0000","0,00000"
"122","12647","113040,0000","0,00000"
"240","12648","36540,0000","0,00000"
"26","12651","589630,0000","0,00000"
"1774","12652","2336,7500","0,00000"
"1780","12656","2324,4500","0,00000"
"1397","12657","3374,5600","0,00000"
"1041","12658","5168,8700","45,64000"
"922","12665","6209,1400","934,46000"
"941","12667","6047,1200","934,92000"
"1863","12671","2145,1500","0,00000"
"1398","12673","3370,7500","0,00000"
"1682","12684","2514,2400","0,00000"
"1287","12692","3786,3000","0,00000"
"1951","12700","1953,0500","0,00000"
"1911","12701","2049,7000","0,00000"
"252","12708","34624,0300","0,00000"
"1342","9381","3566,9900","0,00000"
"1433","9417","3254,1000","0,00000"
"577","9070","11635,5500","0,00000"
"1466","9048","3115,0500","0,00000"
"1464","9049","3123,3900","0,00000"
"1755","9050","2380,7400","0,00000"
"1145","9051","4530,0200","0,00000"
"1407","9053","3341,3800","0,00000"
"1000","9058","5517,9100","0,00000"
"1923","9092","2025,4400","0,00000"
"853","9217","6695,0800","0,00000"
"1607","9218","2688,5000","0,00000"
"1242","9219","4007,8900","0,00000"
"694","7475","8917,0000","2009,00000"
"1015","7503","5330,0000","0,00000"
"130","7509","101643,0000","16112,00000"
"315","7537","24539,0000","6442,00000"
"1192","7552","4269,0000","261,00000"
"316","7554","24394,0000","1644,00000"
"1671","7566","2530,0000","4079,00000"
"772","7570","7823,0000","899,00000"
"994","7584","5611,0000","1043,00000"
"1832","7602","2205,0000","729,00000"
"1776","7622","2333,0000","834,00000"
"1243","7665","3980,0000","926,00000"
"223","7668","39938,0000","12075,00000"
"93","7676","168366,0000","16342,00000"
"1334","7677","3591,0000","1300,00000"
"1134","7695","4622,0000","970,00000"
"1345","7696","3555,0000","1337,00000"
"1016","7702","5328,0000","1425,00000"
"617","7724","10361,0000","122,00000"
"313","7725","24657,0000","0,00000"
"403","7743","17992,0000","3005,00000"
"1652","7749","2569,0000","279,00000"
"381","7760","19133,0000","3503,00000"
"995","7774","5610,0000","133,00000"
"1436","7792","3246,0000","0,00000"
"773","7793","7822,0000","1246,00000"
"701","7804","8811,0000","1671,00000"
"1729","7808","2430,0000","172,00000"
"625","7831","10200,0000","2031,00000"
"143","7860","80108,0000","13392,00000"
"1562","7879","2793,0000","1326,00000"
"1591","7881","2719,0000","207,00000"
"792","7885","7460,0000","0,00000"
"1252","7899","3949,0000","777,00000"
"1066","7900","4999,0000","412,00000"
"517","7933","13228,0000","1018,00000"
"272","7947","29533,0000","6367,00000"
"695","7983","8915,0000","0,00000"
"1026","7987","5251,0000","1552,00000"
"892","8041","6398,0000","1741,00000"
"1867","8042","2139,0000","788,00000"
"1827","8050","2208,0000","34,00000"
"499","8053","13584,0000","0,00000"
"197","8054","47001,0000","10380,00000"
"1940","8057","1988,0000","809,00000"
"214","8085","42025,0000","5453,00000"
"342","8092","22388,0000","365,00000"
"763","8115","7931,0000","1193,00000"
"581","8122","11498,0000","643,00000"
"666","9540","9412,0000","2781,00000"
"333","9542","22900,0000","4065,00000"
"187","9543","51917,0000","7786,00000"
"268","9544","30679,0000","3706,00000"
"817","7454","7105,0000","0,00000"
"1177","8090","4347,0000","0,00000"
"274","7978","29109,7704","0,00000"
"1511","8075","2963,9268","57,21000"
"1177","8090","4347,0000","2450,00000"
"1777","7747","2329,8193","864,13000"
"889","7894","6411,0000","9199,00000"
"1110","8051","4776,0000","7360,00000"
"1612","7468","2681,8632","0,00000"
"1988","7614","1860,7457","0,00000"
"1984","7701","1865,3394","0,00000"
"1783","7714","2320,6274","0,00000"
"1473","7870","3088,1252","0,00000"
"925","7915","6187,1509","1452,53000"
"532","7970","12651,8124","64,57999"
"1511","8075","2963,9268","0,00000"
"1982","8098","1869,2444","631,48000"
"1990","8561","1842,6220","0,00000"
"1865","8564","2142,4086","1180,15000"
"1496","8569","3028,2235","860,27999"
"1653","8573","2568,4859","1043,42000"
"916","9446","6238,9588","0,00000"
"1612","7468","2681,8632","0,00000"
"813","7583","7159,5085","111,04900"
"1988","7614","1860,7457","0,00000"
"1995","8101","1827,6751","80,62999"
"1791","8113","2305,5607","0,00000"
"813","7583","7159,5085","0,00000"
"1995","8101","1827,6751","0,00000"
"1473","7870","3088,1252","0,00000"
"749","7931","8129,3899","1124,15000"
"609","7935","10515,0835","1681,72800"
"854","8049","6692,9437","260,68400"
"605","9451","10621,4562","83,39600"
"1790","9931","2307,2815","1279,19000"
"836","7730","6853,5572","0,00000"
"1791","8113","2305,5607","0,00000"
"817","7454","7105,0000","9439,60000"
"836","7730","6853,5572","1428,24700"
"609","7935","10515,0835","299,30000"
"274","7978","29109,7704","3947,59999"
"1783","7714","2320,6274","0,00000"
"415","9447","17090,3134","170,26499"
"1350","9454","3538,6636","156,97000"
"415","9447","17090,3134","1223,56999"
"693","8568","8964,2419","585,92300"
"727","9448","8376,0531","589,67999"
"1227","9449","4070,6545","508,41000"
"1108","9450","4780,0697","100,55600"
"975","9452","5767,0372","107,17000"
"1211","9453","4151,7051","496,37000"
"689","9455","9013,8425","641,14400"
"1468","9456","3102,4148","5,83699"
"1545","9465","2843,1212","141,16000"
"1603","9930","2699,7531","314,57999"
"986","7481","5684,6545","0,00000"
"996","8000","5594,1786","0,00000"
"626","8021","10167,7883","0,00000"
"693","8568","8964,2419","471,70999"
"727","9448","8376,0531","156,55000"
"1227","9449","4070,6545","177,78999"
"1108","9450","4780,0697","333,79000"
"605","9451","10621,4562","3313,84000"
"975","9452","5767,0372","1253,53000"
"1211","9453","4151,7051","453,06000"
"1350","9454","3538,6636","802,92999"
"689","9455","9013,8425","1736,25000"
"1468","9456","3102,4148","0,00000"
"1582","9464","2736,6210","653,41999"
"1545","9465","2843,1212","388,64999"
"827","9466","6950,9931","603,34000"
"1603","9930","2699,7531","651,13000"
"1994","9947","1828,9260","1001,24000"
"1430","8498","3259,5447","1902,34899"
"730","7801","8324,9606","1920,87200"
"1023","8488","5269,9123","1913,71900"
"424","8489","16601,6079","6994,59599"
"704","8492","8717,5813","2292,16300"
"375","8495","19487,2786","3060,75399"
"956","8497","5951,1242","1973,59800"
"1354","8499","3529,6925","1531,45800"
"1379","8501","3418,5626","918,83000"
"1583","8502","2730,7176","1229,16000"
"1002","8503","5513,8909","1551,08999"
"891","8505","6398,0241","1792,40799"
"954","8506","5953,3920","2390,35399"
"896","8508","6366,7609","1437,94900"
"1500","9558","3003,0650","1016,49400"
"764","9559","7910,7826","1395,83800"
"1547","9560","2835,0885","524,49900"
"997","9594","5577,1929","1796,87500"
"662","9595","9460,4083","1922,15400"
"323","9596","23980,5530","10068,22700"
"470","9597","14327,8529","7182,07899"
"1831","9936","2206,3281","6546,30599"
"1308","12848","3709,9700","233,85599"
"984","7495","5693,9416","447,88999"
"454","7496","14994,2784","3488,23999"
"508","7534","13459,8869","3973,09999"
"317","7567","24119,2220","2828,44000"
"888","7612","6421,1505","9,40000"
"1834","7847","2201,6857","0,00000"
"196","7928","47272,0251","2657,61999"
"1361","8038","3493,1900","0,00000"
"863","8116","6587,6578","0,00000"
"296","8118","25988,1234","1099,59999"
"1289","7459","3783,3879","0,00000"
"1131","7485","4637,1987","917,12000"
"1908","7611","2054,4996","1203,66000"
"1216","7835","4142,5679","768,60000"
"1540","7875","2856,9896","478,75000"
"338","7908","22531,0572","2255,32000"
"1788","7927","2314,0485","0,00000"
"1244","9932","3979,3293","41,32000"
"1289","7459","3783,3879","1399,30000"
"1131","7485","4637,1987","218,97000"
"1216","7835","4142,5679","240,81999"
"338","7908","22531,0572","2500,98999"
"1311","7515","3699,8693","576,60000"
"1184","7597","4327,8591","0,00000"
"1051","7654","5087,2990","1677,58999"
"592","7719","11133,0965","937,74000"
"1771","7753","2349,2891","666,78999"
"676","7898","9314,0070","235,84000"
"1448","8064","3203,9979","697,55999"
"1148","8078","4515,9983","343,35000"
"1060","8104","5032,2986","642,49000"
"1089","8127","4888,3986","770,92999"
"871","8527","6544,8262","497,57999"
"676","7898","9314,0070","130,55000"
"776","8027","7745,6482","949,13000"
"1185","8528","4320,6888","440,75000"
"1244","9932","3979,3293","305,22000"
"598","9068","11035,7000","0,00000"
"176","9073","57381,9200","17543,86000"
"277","9075","28339,7800","1205,32000"
"365","9088","20471,2700","1962,29000"
"1546","9089","2842,4800","696,78000"
"734","9090","8285,9900","0,00000"
"185","9109","52102,2500","8910,08000"
"219","9115","41203,6200","6328,41000"
"384","9116","19007,2900","2502,47000"
"1162","9117","4428,3900","2135,19000"
"290","9118","26718,0100","7825,78000"
"287","9119","26930,7600","2888,02000"
"1163","9122","4426,0800","3491,45000"
"1759","9123","2372,4500","0,00000"
"979","9125","5742,7200","6514,94000"
"879","9127","6485,0700","2022,55000"
"305","9128","25234,7800","3543,62000"
"245","9129","35212,6400","3052,71000"
"414","9133","17158,2900","10767,58000"
"868","9134","6575,7000","4160,33000"
"830","9135","6897,5400","1426,69000"
"1747","9138","2396,7900","2059,79000"
"1564","9140","2787,5800","2395,54000"
"729","9142","8325,4200","615,25000"
"1136","9143","4593,4400","0,00000"
"468","9144","14413,6300","3811,39000"
"1455","9145","3164,0800","0,00000"
"741","9146","8221,2500","7182,87000"
"437","9147","16050,9000","3816,58000"
"1037","9148","5196,8600","0,00000"
"1610","9151","2682,7900","0,00000"
"450","9154","15164,6300","0,00000"
"593","9157","11108,8100","3476,59000"
"1957","9159","1939,9700","0,00000"
"630","9160","10022,3000","2201,40000"
"449","9162","15234,4300","10813,45000"
"363","9163","20521,7700","4839,20000"
"709","9165","8649,9800","5771,24000"
"816","9166","7114,9400","738,31000"
"356","9167","20839,1800","4247,86000"
"271","9168","29593,6100","6606,42000"
"479","9169","14149,0800","1733,55000"
"1119","9172","4723,1200","0,00000"
"928","9173","6170,3600","2019,20000"
"1144","9174","4531,6900","855,85000"
"966","9175","5843,7900","421,08000"
"485","9189","14086,9200","1313,60000"
"1261","9190","3925,6400","256,85000"
"1757","9192","2376,3600","0,00000"
"242","9193","35741,3500","0,00000"
"199","9194","46498,0900","0,00000"
"621","9195","10271,1400","0,00000"
"939","9196","6095,4100","0,00000"
"328","9197","23505,0900","0,00000"
"1941","9198","1984,1500","0,00000"
"1160","9199","4436,4700","0,00000"
"1773","9203","2347,5000","0,00000"
"1410","9204","3330,5100","1245,48000"
"604","9205","10626,5900","0,00000"
"1606","9212","2689,4000","0,00000"
"1586","9214","2724,8300","546,53000"
"1126","9215","4683,3500","40,74000"
"983","9216","5697,5400","2024,49000"
"585","9222","11402,3200","1302,87000"
"725","9224","8431,7700","1699,50000"
"410","9226","17624,1500","2969,13000"
"1396","9230","3375,3400","4341,21000"
"1268","9245","3892,3400","0,00000"
"664","9263","9448,0200","1310,25000"
"1173","9264","4362,2900","0,00000"
"463","9289","14725,3300","0,00000"
"540","9314","12315,8100","2025,80000"
"456","9315","14936,9400","10751,25000"
"632","9316","9915,4100","1626,84000"
"1059","9318","5034,4900","0,00000"
"796","9319","7411,4300","0,00000"
"1989","9321","1852,8300","0,00000"
"531","9322","12755,8000","7250,15000"
"429","9325","16339,9500","3656,45000"
"1600","9326","2701,2400","524,95000"
"1472","9327","3089,4500","607,28000"
"1706","9329","2482,2700","486,59000"
"1392","9330","3393,9600","718,18000"
"183","9333","53085,5800","15339,90000"
"1400","9335","3363,1800","0,00000"
"1381","9336","3418,1800","0,00000"
"1018","9340","5311,2000","1540,68000"
"1229","9341","4054,1300","0,00000"
"1240","9343","4020,8300","0,00000"
"589","9344","11233,0200","0,00000"
"1331","9345","3596,2500","0,00000"
"1150","9346","4508,4200","0,00000"
"445","9347","15515,7400","0,00000"
"345","9348","22099,6700","0,00000"
"536","9350","12623,1500","0,00000"
"791","9351","7470,3200","0,00000"
"377","9352","19242,7400","1008,07000"
"291","9353","26691,4600","0,00000"
"195","9354","48658,8600","0,00000"
"237","9355","36940,3000","1054,56000"
"390","9356","18861,7400","0,00000"
"803","9357","7332,5300","0,00000"
"1399","9358","3366,0900","0,00000"
"182","9359","53824,8400","0,00000"
"238","9360","36876,3800","0,00000"
"489","9361","13932,5500","485,05000"
"1156","9362","4457,3700","0,00000"
"423","9363","16618,7900","0,00000"
"615","9364","10385,4000","0,00000"
"992","9365","5622,2800","514,83000"
"570","9366","11712,0500","0,00000"
"842","9432","6800,8200","0,00000"
"884","9436","6438,4600","0,00000"
"282","9437","27738,8400","0,00000"
"1814","9440","2236,2300","0,00000"
"325","9441","23793,9500","0,00000"
"509","9442","13452,3000","0,00000"
"1054","9443","5062,5800","0,00000"
"1190","9459","4275,7700","37,38000"
"826","9460","6988,9600","0,00000"
"1493","9461","3032,4000","0,00000"
"876","9462","6501,7800","528,68000"
"1817","9463","2227,5700","0,00000"
"1006","9797","5437,3000","21173,82000"
"1088","9798","4888,6800","7775,97000"
"1208","9799","4159,9900","0,00000"
"1482","9800","3066,7300","695,13000"
"17","9097","900400,0000","84360,00000"
"38","9107","418830,0000","18600,00000"
"77","9108","211700,0000","9300,00000"
"135","9149","90400,0000","0,00000"
"23","9150","625300,0000","59600,00000"
"37","9152","421500,0000","32880,00000"
"102","9153","153000,0000","0,00000"
"32","9170","509120,0000","96000,00000"
"49","9171","316900,0000","0,00000"
"65","9178","275400,0000","58400,00000"
"66","9183","272800,0000","35000,00000"
"27","9184","578450,0000","0,00000"
"21","9185","672500,0000","45000,00000"
"14","9191","1107100,0000","0,00000"
"70","9260","246000,0000","0,00000"
"460","8034","14760,1961","1684,66699"
"1112","8494","4773,5873","1181,58899"
"376","8493","19425,6188","1900,15599"
"708","8491","8679,0860","2273,29700"
"1183","8496","4328,3318","1552,76000"
"1269","8504","3880,4242","2139,45899"
"916","9446","6238,9588","1470,79700"
"1582","9464","2736,6210","0,00000"
"827","9466","6950,9931","105,56000"
"854","8049","6692,9437","0,00000"
"1790","9931","2307,2815","959,37000"
"541","9066","12278,1300","767,13000"
"832","9009","6880,2300","0,00000"
"1270","9054","3880,0900","0,00000"
"1467","9056","3112,0800","0,00000"
"1429","9059","3262,7400","0,00000"
"1474","9060","3088,1100","0,00000"
"1199","9061","4214,7200","0,00000"
"1061","9062","5029,6300","0,00000"
"1319","9063","3675,3500","0,00000"
"1821","9071","2219,3800","0,00000"
"258","9213","32775,2500","0,00000"
"596","9249","11084,3300","0,00000"
"1514","9266","2958,9300","0,00000"
"960","9267","5885,7500","0,00000"
"771","9268","7841,0700","0,00000"
"1187","9269","4308,0900","0,00000"
"759","9270","7975,2500","0,00000"
"1461","9271","3139,6400","0,00000"
"1098","9272","4844,0600","0,00000"
"1248","9275","3968,6000","0,00000"
"665","9276","9431,3100","0,00000"
"825","9287","6998,0300","915,96000"
"1439","9288","3237,3800","615,46000"
"965","9331","5850,2000","0,00000"
"1639","9332","2604,9100","0,00000"
"1036","9013","5200,1000","810,60000"
"1127","9015","4665,9000","0,00000"
"1519","9513","2950,3600","2637,32000"
"1752","9014","2383,7100","0,00000"
"910","8990","6283,1300","0,00000"
"650","8993","9649,5800","297,60000"
"635","8995","9881,7200","508,80000"
"1161","9001","4430,6600","366,44000"
"563","9004","11862,9700","0,00000"
"991","9005","5627,5900","0,00000"
"985","9006","5691,4600","1083,18000"
"698","9246","8848,4000","1322,72000"
"918","9248","6233,0300","311,29000"
"794","8987","7427,9900","514,74000"
"467","8992","14510,6500","4044,93000"
"719","8994","8522,0800","0,00000"
"788","8998","7509,6500","593,80000"
"1149","9000","4509,9600","162,24000"
"368","9002","20271,3400","1210,52000"
"464","9003","14686,4700","0,00000"
"583","9007","11454,4600","1206,31000"
"1073","9026","4979,8100","1190,29000"
"862","9247","6603,4000","0,00000"
"1067","9041","4996,6700","367,04000"
"682","9042","9175,0000","0,00000"
"1297","9045","3762,1500","1139,00000"
"1118","9046","4739,7200","1717,08000"
"600","9047","10911,1300","3491,73000"
"718","9091","8527,8400","0,00000"
"874","9179","6514,4300","281,08000"
"1250","9188","3957,1400","1415,44000"
"1121","9243","4707,3000","0,00000"
"354","9244","21151,7800","0,00000"
"1219","9259","4136,1900","1086,36000"
"899","9312","6345,4800","1271,41000"
"1955","9225","1942,6700","0,00000"
"1264","9227","3909,1500","0,00000"
"1630","9231","2636,2300","0,00000"
"1141","9008","4559,1400","1219,60000"
"582","9250","11455,8000","960,09000"
"569","9251","11712,2400","0,00000"
"900","9252","6343,3800","0,00000"
"466","9020","14547,2500","675,26000"
"1102","9044","4823,3800","0,00000"
"728","9338","8368,5800","717,24000"
"276","9339","28478,5800","2548,67000"
"738","9038","8251,9200","726,44000"
"681","9039","9184,3000","3343,25000"
"433","9096","16256,1200","0,00000"
"298","9232","25647,8200","0,00000"
"852","9233","6698,1900","0,00000"
"336","9239","22612,3700","1224,42000"
"802","9240","7334,0600","0,00000"
"913","9241","6254,7600","0,00000"
"835","9337","6855,8600","1356,60000"
"447","9349","15338,8700","0,00000"
"1878","9077","2112,2700","0,00000"
"1389","9080","3399,5100","0,00000"
"1505","9086","2979,9400","0,00000"
"1945","9078","1980,4900","0,00000"
"780","9079","7689,8300","0,00000"
"1099","9081","4840,1600","0,00000"
"1262","9082","3919,5200","0,00000"
"566","9083","11759,0900","0,00000"
"1009","9084","5399,8100","0,00000"
"1462","9085","3139,6200","0,00000"
"1376","9087","3426,3600","637,44000"
"1710","9095","2476,1000","167,92000"
"1927","9102","2016,8600","0,00000"
"950","9181","5997,9300","919,28000"
"1256","9261","3935,1700","537,64000"
"959","9242","5895,6900","4016,67000"
"595","8988","11095,9400","0,00000"
"1876","9103","2115,4200","0,00000"
"1879","9104","2110,3000","0,00000"
"1613","9105","2680,1600","0,00000"
"722","9176","8463,7300","0,00000"
"924","9180","6194,7500","0,00000"
"849","9019","6712,7700","0,00000"
"1441","9141","3226,4600","631,95000"
"1763","9177","2365,7000","0,00000"
"1516","9206","2956,0800","0,00000"
"1031","9207","5216,9400","425,44000"
"1521","9342","2946,6300","8,93000"
"482","9099","14113,8400","1765,35000"
"1418","9101","3302,6600","1446,00000"
"659","9027","9498,5900","1297,38000"
"413","9098","17285,7600","1366,60000"
"244","9100","35514,0000","3859,98000"
"300","9106","25591,9200","8167,85000"
"469","9300","14345,0900","1373,80000"
"839","9302","6844,9400","0,00000"
"1057","9311","5041,4200","0,00000"
"191","9076","50481,3800","1478,88000"
"1943","7124","1981,4800","0,00000"
"1239","7422","4027,5200","0,00000"
"1507","7424","2977,6800","0,00000"
"514","9030","13317,8100","0,00000"
"1043","9031","5139,5900","1752,64000"
"1032","9032","5215,1800","0,00000"
"557","9033","12074,1100","0,00000"
"1010","9034","5373,9400","0,00000"
"545","9035","12203,9000","1365,78000"
"726","9036","8398,6200","1861,25000"
"1758","9037","2374,4800","905,31000"
"648","9136","9685,2000","0,00000"
"1333","9209","3591,5800","826,02000"
"1203","9210","4180,7800","0,00000"
"588","9265","11233,2600","4029,55000"
"1744","9273","2400,3900","0,00000"
"1188","9274","4287,8600","599,38000"
"506","9279","13465,4000","0,00000"
"971","9280","5790,0200","636,39000"
"1284","9281","3837,0200","0,00000"
"426","9282","16573,5500","0,00000"
"777","9283","7742,8300","650,62000"
"945","9284","6007,9900","0,00000"
"1042","9290","5161,8200","0,00000"
"1820","9291","2219,8500","1092,69000"
"1113","9292","4768,8000","548,10000"
"1048","9293","5101,3100","1277,76000"
"1266","9294","3906,7200","0,00000"
"1371","9295","3442,3600","1248,71000"
"1348","9296","3545,3100","0,00000"
"657","9297","9515,7000","896,11000"
"1083","9298","4934,8700","0,00000"
"362","9299","20531,9100","0,00000"
"1174","9303","4360,1500","0,00000"
"1420","9305","3297,3300","1636,68000"
"1437","9307","3244,5200","0,00000"
"1749","9308","2396,1400","0,00000"
"1356","9309","3520,6100","0,00000"
"1481","9310","3069,0400","0,00000"
"1280","9320","3847,7600","0,00000"
"533","9369","12650,9500","1103,00000"
"453","9384","15032,8500","2248,30000"
"380","9385","19170,3000","0,00000"
"188","9387","51770,5000","9567,55000"
"446","9394","15409,9000","4224,80000"
"700","9395","8822,0500","2198,25000"
"266","9396","31677,5100","2890,04000"
"487","9397","14017,8500","1551,40000"
"623","9398","10255,2000","2033,86000"
"299","9399","25606,9000","0,00000"
"387","9400","18954,8900","1935,65000"
"440","9401","15992,9300","1647,52000"
"552","9402","12108,3500","0,00000"
"383","9406","19048,2100","0,00000"
"497","9407","13672,9500","1083,50000"
"1596","9410","2709,3000","507,60000"
"206","9411","44194,2500","0,00000"
"239","9412","36654,0000","4967,15000"
"636","9413","9873,0900","1594,25000"
"1077","9414","4964,6000","689,10000"
"880","9416","6481,0700","1823,44000"
"1337","9419","3584,9700","507,36000"
"744","9429","8188,1500","1144,20000"
"1637","9522","2606,7000","0,00000"
"1050","9732","5089,4500","0,00000"
"1353","9770","3535,2000","2918,85000"
"1617","9771","2670,2000","1462,00000"
"1193","9817","4256,3000","2166,50000"
"229","4154","38404,8000","597126,40000"
"106","5345","141732,0000","0,00000"
"1123","9113","4699,9900","0,00000"
"670","9114","9342,1600","387,30000"
"1035","9120","5200,9700","1623,45000"
"1422","9223","3285,3500","0,00000"
"903","1403","6323,3000","0,00000"
"324","1443","23836,7200","0,00000"
"304","1977","25275,2000","115,00000"
"270","1978","30405,2400","684,36000"
"1251","1984","3953,2000","0,00000"
"1133","2328","4624,0200","1141,16000"
"1452","2352","3181,4500","0,00000"
"418","2374","16941,7500","526,95000"
"798","2381","7382,2800","7075,59000"
"329","2393","23430,8000","1283,55000"
"547","2399","12200,7200","312,00000"
"496","2400","13675,1900","0,00000"
"923","2404","6200,9000","0,00000"
"784","2406","7651,6200","1933,64000"
"172","2407","59381,9500","2323,80000"
"656","2410","9523,9200","0,00000"
"498","2411","13610,8000","3469,46000"
"379","2412","19188,9900","1899,16000"
"208","2417","43914,4400","1546,40000"
"1045","2420","5133,2700","78,00000"
"332","2433","23049,0600","2437,34000"
"1084","2436","4933,9800","0,00000"
"186","2437","51939,0700","2971,47000"
"882","2442","6463,2500","2140,25000"
"560","2443","11988,7000","3824,41000"
"228","2447","38568,3200","1238,84000"
"416","2448","16998,7200","1449,73000"
"527","2454","12829,5300","615,89000"
"679","2493","9187,3400","166,60000"
"778","2505","7727,2600","0,00000"
"1153","2515","4497,5800","102,00000"
"1766","2573","2357,7000","0,00000"
"790","2616","7476,1700","586,30000"
"932","2617","6145,6700","2254,44000"
"400","2631","18110,9200","325,00000"
"386","2641","18987,9200","1110,00000"
"421","2644","16843,8300","2613,14000"
"820","2645","7068,6900","5161,88000"
"1489","2653","3046,0000","0,00000"
"1030","2659","5217,2900","3176,16000"
"1754","2665","2380,8200","181,00000"
"248","2675","34819,4300","6409,22000"
"364","2699","20518,4200","2020,42000"
"757","2717","7987,0300","5315,33000"
"721","3076","8477,8900","890,53000"
"1318","3219","3676,7200","972,00000"
"502","3285","13536,6600","1120,94000"
"1979","3476","1874,6800","499,24000"
"1451","3574","3181,9000","0,00000"
"860","4268","6611,6400","368,00000"
"334","4276","22751,8000","6127,10000"
"511","4359","13370,8200","1920,34000"
"822","4393","7034,4700","3539,23000"
"273","4421","29287,7500","2389,55000"
"159","4434","69210,8500","9513,48000"
"204","4438","44387,9800","6480,63000"
"760","4474","7962,6400","1133,36000"
"1471","4475","3089,6400","0,00000"
"610","4476","10515,0200","905,00000"
"1047","4507","5105,3200","4170,32000"
"1585","4537","2727,0400","0,00000"
"247","4616","34841,0800","6384,11000"
"639","4693","9837,4800","4806,82000"
"481","4716","14122,4500","6943,80000"
"318","4723","24115,2400","1400,46000"
"551","4729","12150,8000","2859,74000"
"1956","4791","1940,7600","663,38000"
"1740","4803","2408,0600","0,00000"
"1122","4804","4705,7600","0,00000"
"1833","4837","2203,5500","0,00000"
"169","4847","61371,9000","2050,77000"
"1698","4860","2495,3500","334,00000"
"1435","4863","3247,3500","0,00000"
"667","4905","9404,9800","407,43000"
"1835","4959","2201,0700","140,00000"
"1825","4971","2214,5500","1293,10000"
"1012","4984","5360,5000","0,00000"
"1491","4985","3038,7000","0,00000"
"343","4986","22311,2500","7187,02000"
"246","5011","34877,2600","5354,68000"
"157","5012","70466,0500","5579,94000"
"45","5013","341866,1100","30407,90000"
"254","5015","33772,8900","1380,18000"
"262","5016","32375,3000","1225,70000"
"168","5017","62087,7600","6171,82000"
"1635","5019","2626,6500","865,00000"
"192","5026","50409,0400","1758,22000"
"178","5027","55425,1100","3385,12000"
"220","5029","40708,7900","6950,31000"
"212","5031","43022,9500","5450,48000"
"486","5034","14081,8800","684,69000"
"671","5035","9325,6200","3299,47000"
"359","5054","20655,4400","4198,87000"
"198","5061","46831,9000","4200,65000"
"633","5129","9902,9600","487,01000"
"293","5138","26385,2500","5328,05000"
"1693","5143","2502,7000","587,95000"
"1257","5174","3934,0200","180,00000"
"968","5175","5817,8000","51,00000"
"870","5191","6561,6400","0,00000"
"1972","5198","1899,7700","594,00000"
"943","5209","6034,2000","1271,20000"
"370","5240","20112,1600","4797,34000"
"452","5261","15045,5400","3351,86000"
"553","5275","12101,5600","573,00000"
"779","5288","7706,7500","1214,66000"
"1902","5295","2071,6800","194,00000"
"675","5312","9315,7800","1170,00000"
"1258","5425","3933,9000","3968,15000"
"571","5495","11706,9500","758,30000"
"1589","5496","2719,6500","1749,75000"
"230","5506","38243,0400","2649,00000"
"395","5509","18424,7200","3791,83000"
"692","5511","8972,8800","432,60000"
"619","5578","10289,6800","17314,68000"
"353","5580","21484,5200","23044,28000"
"1577","5581","2744,5200","1463,37000"
"668","5585","9383,4100","3421,52000"
"711","5633","8612,3200","1905,24000"
"1017","5636","5320,3000","100,00000"
"1315","5763","3682,1600","60,00000"
"867","5778","6576,5800","0,00000"
"881","5799","6472,0800","0,00000"
"1075","5804","4978,9600","70,00000"
"280","5809","27822,3400","738,98000"
"167","5816","62249,2300","4917,94000"
"224","5818","39886,0500","2574,44000"
"663","5820","9451,2700","3700,73000"
"1167","5821","4415,7500","0,00000"
"953","5823","5956,0900","1198,38000"
"1233","5824","4047,2800","2387,36000"
"756","5825","7999,5000","702,80000"
"622","5826","10257,0500","413,74000"
"352","5827","21536,7200","2225,60000"
"1921","5828","2026,9100","60,00000"
"213","5830","42793,5400","2388,72000"
"530","5832","12779,4400","2176,17000"
"1628","5834","2637,9000","0,00000"
"809","5840","7184,3100","752,93000"
"1312","5854","3688,5300","604,00000"
"680","5855","9186,8600","0,00000"
"507","5895","13463,0200","12977,26000"
"1501","5900","3001,5500","0,00000"
"1779","5901","2326,3800","0,00000"
"1906","5903","2061,6200","0,00000"
"1584","5907","2730,1900","0,00000"
"1544","5916","2844,6200","260,00000"
"1535","7012","2881,0500","0,00000"
"1100","7037","4829,8800","883,04000"
"1524","7038","2921,2000","600,55000"
"1307","2508","3718,0600","188,00000"
"1139","2632","4570,2600","2204,67000"
"905","3438","6320,7300","3329,50000"
"982","3605","5698,5800","0,00000"
"1924","4360","2022,5200","831,72000"
"1802","4394","2272,1600","815,52000"
"1224","4429","4086,4800","1284,00000"
"716","4603","8545,3600","184,00000"
"366","4822","20459,8200","0,00000"
"969","4872","5813,0600","0,00000"
"1265","5014","3908,7700","712,59000"
"55","5018","304852,1600","10360,13000"
"1449","5022","3199,4600","0,00000"
"1587","5218","2719,7800","0,00000"
"1147","5296","4520,5800","481,16000"
"1191","5424","4270,8000","926,00000"
"1953","5427","1949,0400","288,00000"
"1963","5475","1924,6800","302,92000"
"1670","5505","2533,1000","1958,00000"
"1931","5517","2008,9000","0,00000"
"371","5576","19970,4600","36186,64000"
"1178","5604","4345,3300","618,57000"
"1114","5618","4761,8200","222,00000"
"1886","5620","2097,5400","122,00000"
"1991","5723","1839,9800","604,99000"
"1807","5758","2256,0500","825,34000"
"1709","5777","2476,1500","0,00000"
"1275","5798","3854,8700","0,00000"
"1347","5805","3550,5800","1204,00000"
"597","5810","11073,7600","1207,68000"
"658","5811","9501,2800","1587,69000"
"752","5814","8035,7000","580,00000"
"1676","5831","2525,8000","896,00000"
"739","5856","8224,5600","708,20000"
"1064","5858","5005,7000","950,46000"
"326","5890","23676,9500","684,27000"
"1390","7046","3399,4700","1174,10000"
"1215","8139","4142,5700","1374,01000"
"1235","8658","4044,2600","2658,84000"
"1413","8665","3324,0500","0,00000"
"1072","8666","4982,7000","100,00000"
"649","8667","9676,0800","700,00000"
"1432","8668","3254,4000","0,00000"
"678","8669","9191,0500","1826,41000"
"392","8670","18714,9500","1246,45000"
"962","8671","5872,3700","1271,20000"
"407","8673","17702,1000","2407,90000"
"804","8674","7317,2000","193,40000"
"742","8675","8200,0200","571,14000"
"1171","8682","4385,9800","558,14000"
"1463","8713","3136,4700","840,16000"
"837","8723","6851,5000","441,50000"
"490","8724","13913,7500","2086,74000"
"1538","8725","2864,8000","3813,34000"
"1761","8726","2369,6500","0,00000"
"1170","8729","4389,5200","403,71000"
"819","1765","7073,3900","0,00000"
"358","1770","20692,6000","3295,10000"
"263","1773","32299,0000","1218,80000"
"1246","1789","3973,9900","202,00000"
"723","1790","8456,7500","872,90000"
"335","1799","22732,9000","203,00000"
"873","1810","6533,8200","0,00000"
"1214","1813","4146,3000","241,00000"
"611","1815","10474,5500","671,00000"
"989","1830","5638,6600","189,00000"
"1024","1850","5259,2800","0,00000"
"314","1862","24631,4800","1047,19000"
"999","1866","5533,9600","392,37000"
"872","1872","6535,8500","141,00000"
"906","1887","6316,0200","0,00000"
"283","1903","27671,9100","1194,69000"
"160","1909","68970,1100","6761,45000"
"269","1919","30657,9300","140,00000"
"173","1923","59106,4000","2970,62000"
"309","1932","25047,5000","1520,87000"
"1960","1941","1930,1700","279,11000"
"1367","1981","3475,3400","24,00000"
"643","1991","9737,5300","1258,59000"
"672","1992","9321,9700","219,00000"
"234","1996","37307,5000","423,00000"
"789","1998","7505,9900","807,03000"
"1212","2003","4150,4800","0,00000"
"419","2007","16868,4900","1307,54000"
"1200","2023","4203,1600","160,00000"
"528","2120","12818,8800","1819,54000"
"1523","2127","2934,8400","941,78000"
"1453","2160","3178,0200","1340,26000"
"439","2342","15997,8000","493,77000"
"573","2347","11663,7700","1274,67000"
"171","2372","61035,8300","435,96000"
"534","2401","12640,1500","3165,70000"
"998","2419","5566,7300","0,00000"
"1616","2427","2673,0000","240,00000"
"1093","2444","4870,3000","0,00000"
"312","2451","24847,5700","472,59000"
"483","2588","14104,9600","2222,95000"
"554","2612","12098,1500","921,30000"
"685","2628","9077,1000","5776,12000"
"697","2637","8863,6500","0,00000"
"750","2648","8117,1100","425,55000"
"858","2649","6629,3000","770,66000"
"640","2662","9806,4300","230,00000"
"775","2679","7754,9400","808,24000"
"591","2704","11180,9200","5001,29000"
"1871","2755","2131,0000","0,00000"
"1158","2762","4446,7000","145,00000"
"546","2764","12202,2400","1221,28000"
"1357","3026","3513,9000","42,00000"
"1255","3433","3938,6000","432,00000"
"355","3572","20930,2200","7888,77000"
"940","3767","6073,1100","70,00000"
"1913","4176","2046,7000","199,00000"
"250","4271","34714,3800","2263,00000"
"856","4293","6675,6700","992,79000"
"897","4320","6363,8000","677,33000"
"1132","4328","4630,7000","0,00000"
"1003","4409","5501,0300","466,14000"
"696","4432","8908,9000","1461,96000"
"957","4506","5947,7000","220,00000"
"1152","4650","4502,0200","189,00000"
"337","4692","22548,2800","0,00000"
"1969","4895","1906,8200","380,00000"
"1986","4962","1863,0800","2529,35000"
"503","4969","13525,7900","0,00000"
"783","4970","7671,1200","0,00000"
"908","5024","6300,3000","0,00000"
"608","5053","10518,3000","3525,24000"
"241","5067","35866,3800","5585,38000"
"1509","5096","2969,4900","1124,24000"
"236","5348","37204,3600","4540,10000"
"1738","5353","2409,2800","2688,24000"
"406","5583","17796,3100","0,00000"
"1718","5637","2460,9300","230,00000"
"1293","5639","3768,2400","0,00000"
"1556","5642","2819,7400","0,00000"
"1669","5643","2535,8700","63,20000"
"1298","5645","3750,1300","0,00000"
"944","5646","6024,5700","0,00000"
"976","5800","5763,6600","0,00000"
"225","5801","39858,8200","2758,50000"
"1634","2408","2626,7200","53,00000"
"1431","2409","3255,6000","1397,76000"
"472","2543","14243,8900","2212,89000"
"733","2546","8292,7700","3616,34000"
"785","3576","7599,5800","3125,22000"
"1572","3618","2757,9200","0,00000"
"737","3620","8256,4200","98,00000"
"1182","4545","4328,4200","0,00000"
"515","4811","13316,4600","1389,20000"
"823","4963","7032,4300","2526,81000"
"851","5194","6699,9800","1381,88000"
"1570","5196","2759,1800","1152,00000"
"520","5570","13072,4000","404,00000"
"614","5574","10400,0000","22553,22000"
"1063","5863","5017,3500","652,00000"
"347","6779","21889,6000","2330,97000"
"140","6780","84937,6800","13224,91000"
"405","6781","17870,6400","0,00000"
"302","6782","25331,3200","0,00000"
"306","6783","25231,6900","3263,20000"
"162","6784","65507,4100","7799,15000"
"374","6787","19536,0500","425,00000"
"1271","6791","3879,4300","736,34000"
"360","6804","20642,7500","12769,60000"
"243","6805","35561,2100","8601,61000"
"501","6806","13567,2000","334,60000"
"1364","6812","3484,2600","419,00000"
"674","6816","9317,8800","3476,19000"
"331","6817","23124,8100","167,00000"
"543","6844","12209,3600","404,89000"
"1081","6845","4949,9900","905,26000"
"887","6861","6422,1900","3909,14000"
"1070","6877","4990,3000","5872,40000"
"203","6878","45322,1300","687,72000"
"202","6879","45420,5400","11606,44000"
"265","6881","31805,9000","8782,18000"
"1079","6882","4955,6000","1849,00000"
"1022","6883","5302,3600","2044,59000"
"661","6884","9478,5800","1823,44000"
"1143","6911","4549,4400","1401,83000"
"181","6918","53917,5100","431,61000"
"422","6927","16630,8400","637,36000"
"651","6928","9636,8600","2586,88000"
"1888","7170","2095,3800","0,00000"
"394","7171","18594,0500","2516,80000"
"869","7176","6563,9000","2456,60000"
"1137","7182","4592,1100","0,00000"
"1316","7184","3681,0000","3336,95000"
"1106","7185","4801,0800","1420,28000"
"289","7186","26831,4200","1096,62000"
"865","7199","6585,4600","0,00000"
"1942","7200","1981,5400","0,00000"
"1394","7201","3380,2900","12577,86000"
"1377","7220","3423,7400","2010,16000"
"1428","7221","3262,9400","585,29000"
"1560","7225","2803,9000","0,00000"
"321","7226","23985,7200","829,00000"
"1569","7231","2766,2100","1130,19000"
"1459","7241","3148,2400","0,00000"
"1819","7242","2221,7800","219,00000"
"1736","7251","2410,7800","0,00000"
"878","7255","6486,3500","40,00000"
"890","7279","6399,9700","1039,38000"
"565","7316","11773,6200","0,00000"
"735","1764","8266,8300","719,57000"
"831","1852","6881,2900","1942,65000"
"755","1865","8004,1500","1019,66000"
"1465","1871","3117,0100","0,00000"
"1765","2560","2361,3800","863,20000"
"462","5584","14731,0700","5616,35000"
"847","5607","6731,4500","428,00000"
"1785","8683","2316,9400","1466,55000"
"1296","8685","3763,4800","128,00000"
"1806","8686","2256,8100","1336,92000"
"519","8688","13073,1200","838,18000"
"562","8689","11907,4100","3074,51000"
"1904","8690","2065,2000","75,00000"
"1369","8692","3459,8400","0,00000"
"987","8693","5655,8200","0,00000"
"1313","8695","3686,0800","0,00000"
"1359","8696","3506,0200","2877,87000"
"970","8697","5795,0900","0,00000"
"1068","8699","4994,7000","230,00000"
"1874","8700","2127,5900","404,27000"
"1856","8701","2156,6400","312,67000"
"1987","8702","1863,0300","20,00000"
"1858","8704","2153,1600","89,00000"
"1674","8705","2527,3900","0,00000"
"1565","8707","2783,0300","0,00000"
"683","8711","9142,8100","5203,36000"
"748","8715","8136,0100","1030,47000"
"751","8716","8079,2300","2532,49000"
"838","8717","6847,6000","580,20000"
"612","8734","10447,2500","1278,72000"
"330","5569","23336,3400","34039,98000"
"1998","5571","1824,4400","718,11000"
"544","5572","12204,4600","3671,76000"
"1306","5573","3724,5200","0,00000"
"770","8681","7847,6500","4595,69000"
"1667","6886","2538,8200","0,00000"
"1458","6912","3148,2600","2566,05000"
"1929","6926","2010,4000","0,00000"
"912","7229","6281,6100","3359,79000"
"153","7335","72012,8000","393,00000"
"256","8428","32874,1200","0,00000"
"141","570","81613,0000","3414,00000"
"63","5455","286083,0000","53400,00000"
"142","5456","81592,0000","33510,00000"
"1281","6773","3841,0000","1231,00000"
"104","6775","148950,0000","36600,00000"
"255","6834","32905,0000","7460,00000"
"814","7312","7146,0000","2286,00000"
"1401","15","3363,0000","680,00000"
"127","246","102980,0000","14970,00000"
"687","609","9028,0000","1784,00000"
"117","1780","120432,0000","21172,00000"
"474","1781","14233,0000","0,00000"
"200","1786","46063,0000","3508,00000"
"594","1828","11103,0000","1694,00000"
"607","1894","10567,0000","363,00000"
"1959","1940","1931,0000","517,00000"
"76","5132","214593,0000","0,00000"
"24","5454","598292,0000","119252,00000"
"84","5465","193450,0000","87300,00000"
"1712","6768","2473,0000","771,00000"
"385","6769","18993,0000","3247,00000"
"1109","6771","4779,0000","675,00000"
"857","6772","6658,0000","1258,00000"
"1701","6838","2490,0000","310,00000"
"535","6894","12625,0000","2300,00000"
"705","6895","8708,0000","3500,00000"
"1186","6915","4311,0000","2369,00000"
"753","7187","8013,0000","2717,00000"
"1797","7190","2291,0000","927,00000"
"218","7265","41302,0000","0,00000"
"217","1697","41728,5600","11988,65000"
"109","1699","134526,3100","11963,53000"
"154","1717","71858,2500","13828,82000"
"28","1746","573417,0400","117033,03000"
"1117","483","4744,8700","1080,00000"
"216","522","41826,1400","7294,90000"
"1688","560","2506,8400","180,00000"
"1157","561","4453,2700","1260,00000"
"1648","565","2572,9500","180,00000"
"1512","587","2962,3500","900,00000"
"937","608","6101,6700","720,00000"
"1273","663","3873,4500","0,00000"
"567","721","11747,0000","1105,00000"
"686","726","9030,5400","1440,00000"
"292","754","26456,8200","4811,32000"
"82","755","198295,6500","29708,40000"
"1764","766","2363,1500","540,00000"
"1789","772","2311,0500","900,00000"
"1294","949","3765,3000","1768,64000"
"1525","950","2919,8200","1024,36000"
"618","952","10307,2700","2182,80000"
"1225","1194","4084,4700","969,02000"
"654","3296","9585,9500","1815,87000"
"349","3297","21817,0000","3749,44000"
"521","3298","13037,9200","3282,15000"
"576","3299","11636,6300","2058,22000"
"762","3305","7935,5900","1393,60000"
"920","3308","6219,3100","1169,61000"
"620","3309","10289,0100","1586,45000"
"1609","4134","2682,9500","23,50000"
"1843","4518","2176,7000","106,00000"
"1971","4519","1902,3000","288,00000"
"367","4854","20374,8200","4999,91000"
"1974","4912","1894,5000","27,50000"
"361","4993","20597,8400","4206,52000"
"524","4994","12985,0000","2927,03000"
"264","6860","32278,8300","2326,17000"
"116","1645","124026,7500","53530,42000"
"174","1647","58531,6800","6502,87000"
"138","1648","88170,2700","36503,47000"
"83","1649","197685,8800","23195,78000"
"87","1650","174537,1600","33922,37000"
"75","1663","215639,3200","34848,19000"
"491","1664","13879,3000","5224,84000"
"211","1665","43698,9700","4302,07000"
"114","1671","125202,7100","77036,67000"
"210","1688","43855,2400","19786,44000"
"537","1695","12620,5100","3892,91000"
"843","1721","6797,3700","2002,21000"
"115","6232","124090,0000","18748,00000"
"1014","6233","5331,0000","0,00000"
"417","6234","16967,0000","0,00000"
"126","6236","107569,0000","500,00000"
"123","6237","108395,0000","0,00000"
"226","6240","39660,0000","0,00000"
"1129","6243","4647,7600","1600,03000"
"120","634","118883,6900","57165,59000"
"442","954","15697,5100","35700,00000"
"158","1127","69247,7600","37854,62000"
"319","6763","24115,1500","6460,00000"
"288","6765","26877,8000","4620,00000"
"150","6239","74800,0000","0,00000"
"78","728","208919,4700","29569,00000"
"1004","4062","5480,0000","1774,00000"
"231","6767","38128,3100","9860,00000"
"341","6283","22441,5800","0,00000"
"568","6302","11741,8200","0,00000"
"233","1653","37708,4600","1158,31000"
"427","1667","16510,1600","4765,00000"
"119","1668","118965,9800","129816,40000"
"344","1683","22308,5700","10576,31000"
"1181","1720","4329,3600","1309,88000"
"684","1722","9103,1600","6769,20000"
"627","478","10163,5600","365,84000"
"253","767","33840,0000","3420,00000"
"1713","6766","2470,0000","540,00000"
"1228","4042","4061,0000","1759,00000"
"340","5310","22449,0000","5022,00000"
"1494","1661","3032,3600","5702,00000"
"249","1702","34812,2000","17871,12000"
"275","1704","28528,7200","23856,70000"
"261","1710","32544,1200","74425,30000"
"301","1713","25553,9800","36463,31000"
"935","1718","6118,2500","12121,13000"
"833","1760","6876,9700","98,23000"
"1815","1480","2232,8000","380,00000"
"327","1560","23606,8000","3425,10000"
"85","3157","184466,0000","108432,28000"
"1332","1169","3591,6800","1633,24000"
"637","1185","9863,7600","1747,76000"
"948","1265","5998,8400","0,00000"
"1443","1278","3219,8000","0,00000"
"529","1458","12812,9700","7675,34000"
"1784","1477","2319,9200","882,16000"
"586","2355","11305,8000","1591,48000"
"1053","2356","5080,2900","1805,28000"
"1563","2359","2788,4800","6186,92000"
"1961","2362","1926,0000","1682,59000"
"1837","2363","2193,6700","0,00000"
"512","2722","13331,9200","3000,72000"
"731","2988","8304,4000","166,80000"
"1278","3027","3853,4200","374,00000"
"590","3440","11182,4100","2400,31000"
"710","3441","8639,9600","3956,16000"
"1007","3442","5429,5800","0,00000"
"430","3447","16322,8800","1356,67000"
"638","3451","9852,5800","3848,90000"
"518","3452","13120,6300","434,00000"
"444","3453","15531,1300","0,00000"
"1649","3456","2570,4300","302,00000"
"1800","3531","2277,4000","3614,02000"
"781","3533","7673,2500","6486,44000"
"652","4242","9631,1000","300,00000"
"917","4574","6238,0000","11631,84000"
"846","4625","6779,2600","0,00000"
"812","4672","7162,9700","0,00000"
"1363","4858","3489,0600","1821,68000"
"655","4923","9580,9400","49,00000"
"1520","5244","2949,5200","828,00000"
"688","5394","9027,1400","7062,58000"
"1195","5395","4248,7200","134,60000"
"990","5880","5637,8000","240,00000"
"1568","6747","2770,4000","3155,50000"
"303","6924","25285,6600","14248,62000"
"478","6293","14151,0000","106,42000"
"555","6297","12085,6200","5812,75000"
"409","6301","17677,8900","5867,25000"
"193","6304","50253,9800","6914,69000"
"1631","1496","2635,5000","1254,50000"
"886","5223","6426,2600","3298,56000"
"1217","5260","4141,9500","605,00000"
"556","5591","12084,6800","0,00000"
"1209","5740","4159,7700","0,00000"
"311","5743","24852,5400","15671,24000"
"492","5846","13878,4000","2804,80000"
"980","5847","5742,7000","127,00000"
"476","5848","14185,1000","7195,40000"
"1964","5887","1924,2000","391,00000"
"286","6305","26960,1000","5214,00000"
"1928","6941","2015,8000","83,00000"
"1527","1418","2908,6400","3745,90000"
"1684","3046","2510,5500","113,00000"
"505","5158","13469,0200","2924,80000"
"307","1677","25213,7700","1794,41000"
"1492","1754","3033,3300","0,42000"
"559","148","12006,0000","2632,00000"
"1125","248","4695,0000","555,00000"
"572","542","11689,0000","1498,00000"
"660","1778","9478,8000","0,00000"
"747","1779","8148,0000","3010,00000"
"1205","1901","4170,0000","910,00000"
"1304","2011","3732,0000","4670,00000"
"1996","3685","1826,0000","85,00000"
"1475","5314","3085,0000","1110,00000"
"184","6778","52700,0000","9200,00000"
"1644","196","2585,5500","4,20000"
"1529","679","2901,7000","646,00000"
"1553","931","2824,9900","1795,32000"
"397","1024","18284,2600","2623,48000"
"807","3173","7226,7000","2584,50000"
"1317","3304","3679,8300","551,47000"
"1522","4708","2946,5800","44,00000"
"432","4995","16276,6600","3487,71000"
"308","4996","25149,5500","4810,06000"
"1169","5525","4394,7200","5555,60000"
"1937","5553","1997,4500","0,00000"
"712","7318","8600,8700","881,05000"
"909","7319","6283,2700","798,88000"
"1696","7320","2498,5500","974,57000"
"1062","7321","5021,6700","301,25000"
"1502","7323","2997,2000","496,35000"
"1194","474","4255,0000","20,00000"
"480","610","14138,0000","2154,00000"
"601","1902","10866,0000","54,00000"
"1115","7005","4756,0000","905,00000"
"713","709","8594,9700","0,00000"
"1135","3254","4598,3600","6300,00000"
"1366","3255","3475,8400","5000,00000"
"641","4577","9794,4400","840,00000"
"1302","7167","3736,0200","815,00000"
"1040","1569","5175,5000","0,00000"
"1005","1270","5460,2000","50,00000"
"1368","3444","3459,9400","915,24000"
"1810","3445","2250,6000","0,00000"
"1967","3446","1910,0400","0,00000"
"1862","3448","2150,4000","225,00000"
"1665","5243","2546,8000","400,00000"
"1999","5246","1820,9200","2118,96000"
"1901","5258","2072,2500","305,00000"
"834","5750","6860,9700","17512,44000"
"1414","5870","3321,0700","3149,34000"
"1875","7400","2123,0000","966,00000"
"1699","8141","2494,0000","0,00000"
"1202","8334","4180,8100","5584,62000"
"765","8342","7896,0000","3326,00000"
"973","8350","5785,0000","693,00000"
"1085","8356","4923,0000","3680,00000"
"1543","8419","2848,6000","180,00000"
"642","8464","9792,8400","4300,50000"
"1408","8465","3337,1700","0,00000"
"1645","8466","2584,7600","0,00000"
"1581","8469","2737,2400","0,00000"
"1870","8470","2131,0300","3692,50000"
"732","8472","8302,1300","300,00000"
"1767","8473","2354,7800","1148,64000"
"1954","8474","1943,1000","792,78000"
"1973","8476","1898,9200","1185,36000"
"1154","3914","4480,9000","163,00000"
"1011","4150","5369,1000","1975,50000"
"921","5769","6213,5800","18266,42000"
"1983","5780","1866,1200","667,40000"
"1263","8159","3917,1300","0,00000"
"938","1367","6098,0000","5243,40000"
"1926","5671","2018,7800","140,00000"
"1739","5593","2409,0000","2035,00000"
"475","6987","14212,0000","6307,00000"
"339","6989","22524,0000","8593,00000"
"494","7004","13740,0000","13708,00000"
"1328","5794","3622,0000","198,00000"
"949","7413","5998,4300","14750,81000"
"471","8478","14322,4400","0,00000"
"209","6303","43897,3200","1207,19000"
"1444","7244","3217,5200","2899,22000"
"1949","7263","1964,0800","105,00000"
"164","6827","65375,8100","12824,58000"
"488","6828","13934,5100","7118,64000"
"613","6857","10404,5500","10125,83000"
"1575","6903","2750,4800","1008,39000"
"1536","6908","2877,6100","605,08000"
"855","7217","6677,1000","22879,62000"
"1176","7260","4350,5500","8406,82000"
"1801","8877","2274,0000","8416,00000"
"1933","8830","2007,0000","612,00000"
"1905","8831","2062,0000","1035,00000"
"1654","8833","2568,0000","1661,00000"
"1655","8834","2561,0000","2707,00000"
"1632","8843","2631,0000","3670,00000"
"1232","8844","4050,0000","7018,00000"
"1223","8848","4088,0000","4024,00000"
"1531","8865","2895,0000","4320,00000"
"1406","1785","3343,0000","199,00000"
"431","1787","16288,0000","0,00000"
"1799","1791","2286,0000","0,00000"
"548","1798","12195,0000","160,00000"
"1028","1800","5233,0000","273,00000"
"1478","1801","3082,0000","350,00000"
"774","1804","7791,0000","0,00000"
"1532","1807","2887,0000","0,00000"
"1236","1808","4044,0000","0,00000"
"587","1811","11253,0000","144,00000"
"1966","1821","1918,0000","0,00000"
"1105","1827","4813,0000","0,00000"
"1382","1835","3415,0000","287,00000"
"828","1839","6949,0000","26,00000"
"628","1840","10061,0000","136,00000"
"1705","1842","2484,0000","0,00000"
"1894","1843","2085,0000","562,00000"
"914","1846","6247,0000","15,00000"
"1249","1847","3959,0000","119,00000"
"1855","1848","2157,0000","74,00000"
"436","1855","16135,0000","394,00000"
"1116","1856","4747,0000","1,00000"
"1086","1859","4920,0000","462,00000"
"1241","1868","4019,0000","0,00000"
"1841","1873","2180,0000","0,00000"
"357","1884","20743,0000","0,00000"
"624","1907","10234,0000","283,00000"
"1344","1930","3558,0000","557,00000"
"1220","1968","4135,0000","109,00000"
"1925","2014","2020,0000","0,00000"
"993","2015","5612,0000","0,00000"
"1808","2017","2251,0000","134,00000"
"1666","2018","2542,0000","43,00000"
"631","2019","9969,0000","132,00000"
"1457","2031","3150,0000","0,00000"
"1495","2039","3030,0000","1,00000"
"1175","2074","4360,0000","0,00000"
"1245","2078","3977,0000","0,00000"
"539","2081","12497,0000","399,00000"
"936","2085","6107,0000","0,00000"
"1542","2091","2850,0000","683,00000"
"458","2094","14833,5000","0,00000"
"1503","2095","2997,0000","69,00000"
"1231","2147","4050,0000","200,00000"
"1816","3100","2230,0000","182,00000"
"1497","3211","3028,0000","632,00000"
"1058","3487","5040,0000","67,00000"
"1692","5073","2503,0000","0,00000"
"1336","5327","3587,0000","219,00000"
"320","5335","24104,0000","0,00000"
"1919","5344","2028,0000","0,00000"
"1660","5479","2555,0000","0,00000"
"955","5531","5952,0000","0,00000"
"1977","5588","1885,0000","193,00000"
"451","9371","15059,7200","3751,71000"
"724","9375","8436,9600","1518,80000"
"769","9376","7860,6500","1250,57000"
"1557","9379","2815,5200","0,00000"
"369","9404","20186,8600","1077,32000"
"1330","9409","3599,3100","0,00000"
"504","9418","13503,0300","3019,20000"
"523","9420","12996,7700","0,00000"
"441","9422","15766,7900","0,00000"
"1526","9426","2913,2000","0,00000"
"1938","9427","1994,9900","0,00000"
"815","9433","7130,1700","0,00000"
"1947","9529","1970,5000","0,00000"
"411","9532","17593,5000","1528,35000"
"561","9576","11907,6900","0,00000"
"1840","9584","2184,8200","0,00000"
"1839","9587","2187,8400","0,00000"
"1626","8989","2639,8400","0,00000"
"1234","8991","4045,3800","0,00000"
"1320","8996","3668,1700","0,00000"
"1574","9021","2754,2800","0,00000"
"1385","9022","3406,6600","0,00000"
"1286","9023","3819,8200","0,00000"
"1796","9024","2298,9800","0,00000"
"1559","9028","2810,2300","545,47000"
"1622","9043","2657,9600","0,00000"
"1387","9064","3403,5700","0,00000"
"1842","9069","2178,0800","0,00000"
"1416","9072","3310,3800","0,00000"
"915","9094","6239,2800","0,00000"
"1415","9111","3317,9200","0,00000"
"793","9112","7444,9200","0,00000"
"564","9137","11839,7400","0,00000"
"805","9301","7258,8400","0,00000"
"829","9313","6918,7000","0,00000"
"1487","9324","3054,7000","0,00000"
"947","10183","6000,0000","0,00000"
"1745","10267","2400,0000","0,00000"
"1576","10285","2750,0000","0,00000"
"1602","10286","2700,0000","0,00000"
"1238","10509","4032,2800","0,00000"
"1196","10510","4248,4000","0,00000"
"30","10511","549100,0000","0,00000"
"205","10512","44200,0000","143000,00000"
"1980","10514","1871,6700","0,00000"
"1881","10517","2108,7400","0,00000"
"1872","10518","2128,6700","0,00000"
"1597","10519","2706,9800","0,00000"
"1074","10521","4979,1000","863,61000"
"1201","10522","4197,6300","981,26000"
"706","10523","8700,0000","0,00000"
"877","10524","6492,6100","1224,26000"
"579","10525","11505,3300","0,00000"
"754","10526","8011,4500","0,00000"
"978","10532","5752,5800","524,49000"
"602","10534","10662,1100","1247,96000"
"1866","10535","2139,0900","0,00000"
"1393","10536","3384,5600","0,00000"
"1038","10537","5195,6300","0,00000"
"1456","10541","3152,4100","0,00000"
"1421","10542","3288,5400","0,00000"
"801","10543","7334,4400","0,00000"
"927","10545","6174,8600","0,00000"
"1914","10548","2044,9000","0,00000"
"1207","10549","4162,4500","0,00000"
"1419","10550","3298,7800","0,00000"
"1226","10551","4071,9400","0,00000"
"232","10556","37900,0000","0,00000"
"310","10558","24995,4700","1241,28000"
"715","10559","8555,1100","0,00000"
"644","10560","9726,6600","63,01000"
"1891","10561","2089,1400","0,00000"
"1055","10563","5043,9000","0,00000"
"346","10564","22000,0000","0,00000"
"1090","10572","4882,2700","0,00000"
"1103","10574","4821,1000","0,00000"
"1650","10575","2569,8900","0,00000"
"1020","10576","5309,3900","0,00000"
"1672","10578","2528,4400","0,00000"
"71","10580","246000,0000","0,00000"
"1349","10582","3544,2300","0,00000"
"1566","10584","2776,7400","0,00000"
"1267","10585","3897,9000","0,00000"
"1786","10586","2316,8600","0,00000"
"1978","10591","1882,6200","0,00000"
"929","10593","6155,9300","2044,67000"
"933","10594","6143,5000","1962,70000"
"1689","10597","2505,8700","0,00000"
"1295","10606","3764,9600","0,00000"
"1470","10607","3096,4400","0,00000"
"1272","10608","3874,8400","0,00000"
"606","10610","10604,9400","999,76000"
"10","10611","3070183,0000","0,00000"
"1324","10612","3640,4200","0,00000"
"99","10615","157500,0000","0,00000"
"1283","10616","3838,4900","0,00000"
"1578","10622","2744,5100","0,00000"
"1292","10623","3770,9900","0,00000"
"1734","10624","2417,3300","0,00000"
"844","10634","6794,0500","0,00000"
"1323","10635","3645,2800","0,00000"
"1936","10637","1997,7000","0,00000"
"926","10639","6184,5300","7661,38000"
"1900","10640","2073,6800","1694,67000"
"972","10641","5789,6200","547,17000"
"2","10644","17946777,0000","0,00000"
"1","10645","21688843,0000","0,00000"
"1680","10648","2517,3100","0,00000"
"92","10651","170000,0000","0,00000"
"13","10656","1133000,0000","121500,00000"
"25","10657","591500,0000","99000,00000"
"52","10658","309000,0000","97100,00000"
"372","10661","19817,6100","0,00000"
"133","10665","93500,0000","0,00000"
"1918","10669","2029,6500","0,00000"
"34","10673","469100,0000","0,00000"
"1869","10674","2132,5100","0,00000"
"435","10684","16144,0000","0,00000"
"952","10686","5960,8300","0,00000"
"1498","10690","3016,9200","0,00000"
"284","10704","27487,6600","7533,98000"
"1703","10709","2486,9200","0,00000"
"1958","10710","1931,6800","0,00000"
"1697","10712","2498,0200","0,00000"
"1679","10713","2517,8500","0,00000"
"1722","10714","2456,5700","0,00000"
"260","10718","32600,0000","0,00000"
"1895","10725","2084,8000","1059,06000"
"1619","10736","2659,2000","0,00000"
"1301","10737","3739,2800","0,00000"
"1138","10738","4589,7200","641,44000"
"1898","10741","2079,0900","0,00000"
"821","10742","7067,8700","749,24000"
"1668","10743","2536,7300","421,78000"
"1859","10744","2152,4300","401,64000"
"15","10746","992400,0000","0,00000"
"20","10752","708200,0000","168500,00000"
"404","10757","17950,0000","0,00000"
"1120","10758","4716,0400","0,00000"
"1822","10767","2218,4500","0,00000"
"54","10775","306000,0000","0,00000"
"90","10779","170200,0000","0,00000"
"8","10786","3600712,0000","0,00000"
"145","10804","79850,0000","0,00000"
"1370","10820","3459,7200","558,54000"
"1515","10823","2957,6000","0,00000"
"194","10827","50106,2500","9705,35000"
"61","10842","291100,0000","90000,00000"
"767","10846","7880,2900","0,00000"
"988","10848","5644,9500","0,00000"
"1903","10854","2068,2300","0,00000"
"1013","10855","5355,2000","0,00000"
"797","10872","7411,1700","0,00000"
"235","10877","37244,7700","0,00000"
"53","10882","307000,0000","0,00000"
"1728","10893","2432,4800","0,00000"
"322","10894","23985,1300","4704,07000"
"124","10897","108000,0000","0,00000"
"1681","10901","2514,2900","0,00000"
"1742","10903","2405,2800","0,00000"
"1314","10905","3682,8800","0,00000"
"1483","10921","3066,2600","461,78000"
"1469","10922","3098,7200","497,11000"
"1445","10923","3217,4600","494,33000"
"1404","10932","3356,1100","562,25000"
"1694","10933","2501,4400","0,00000"
"267","10947","30800,0000","0,00000"
"746","10952","8150,7500","1479,28000"
"163","10954","65500,0000","0,00000"
"1659","10963","2555,1500","1033,49000"
"455","10970","14960,5300","0,00000"
"484","10972","14104,9300","0,00000"
"64","10974","279000,0000","0,00000"
"1717","10978","2461,4500","0,00000"
"59","10979","292000,0000","0,00000"
"1641","10981","2595,2300","0,00000"
"1580","10982","2743,5500","0,00000"
"1719","11002","2460,2300","0,00000"
"1748","11007","2396,2100","0,00000"
"768","11230","7880,1600","0,00000"
"981","11255","5722,2800","0,00000"
"1362","11261","3491,1700","0,00000"
"80","11361","201000,0000","0,00000"
"1300","11436","3743,6700","0,00000"
"295","11526","26271,5300","0,00000"
"1824","11547","2217,1400","0,00000"
"1104","11584","4813,4400","0,00000"
"1813","11623","2243,8900","0,00000"
"904","11641","6322,8000","0,00000"
"1725","11704","2445,1600","0,00000"
"1968","11766","1908,4400","0,00000"
"1623","11854","2651,7600","0,00000"
"1423","11889","3282,5000","0,00000"
"401","11965","18020,3700","0,00000"
"1916","12108","2043,4900","0,00000"
"1351","12114","3537,7300","0,00000"
"902","12182","6335,8700","0,00000"
"96","12227","161108,0000","0,00000"
"1844","12243","2173,1800","0,00000"
"1618","12249","2667,6700","0,00000"
"1065","12251","5002,0400","0,00000"
"1052","12275","5086,9800","0,00000"
"1663","12280","2547,9300","0,00000"
"1756","12308","2379,0800","0,00000"
"1499","12326","3009,4400","0,00000"
"1795","12327","2300,8800","0,00000"
"131","12345","97671,0000","0,00000"
"1829","12348","2207,0600","0,00000"
"73","12368","218597,0000","0,00000"
"152","12376","73739,0000","0,00000"
"108","12382","137199,0000","0,00000"
"806","12383","7249,5400","0,00000"
"1222","12392","4104,9500","0,00000"
"1907","12432","2060,3600","0,00000"
"629","12515","10054,4600","0,00000"
"1721","12539","2456,6100","0,00000"
"1746","12540","2398,8900","0,00000"
"190","9403","50556,2000","0,00000"
"294","9405","26321,0500","0,00000"
"412","9408","17358,0500","0,00000"
"103","12627","149480,0000","0,00000"
"931","12666","6148,8700","1060,16000"
"1155","12672","4463,1600","0,00000"
